Domain,"Example Url","Domain Authority Score",Rating,Source,"URL Type",Comment
coatingsworld.com,https://www.coatingsworld.com/issues/2022-03-01/view_features/2022-ceo-forum/,34,5,keywords,general,
pcimag.com,https://www.pcimag.com/articles/111857-clariants-releases-ptfe-free-texturing-agent-for-powder-coatings,32,5,"keywords,competitors",general,
eng-tips.com,https://www.eng-tips.com/viewthread.cfm?qid=223338,43,5,"keywords,competitors",general,
linkedin.com,https://www.linkedin.com/pulse/north-america-abrasion-resistant-coatings-market,100,5,keywords,general,
forums.aaca.org,https://forums.aaca.org/topic/334729-head-gasket-sealer/,40,4,keywords,general,
thomasnet.com,https://www.thomasnet.com/michigan/chemical-resistant-coatings-15720444-1.html,57,4,"keywords,competitors",general,
medium.com,https://medium.com/@jyoticeramicindia/shielding-surfaces-corrosion-and-abrasion-resistant-coatings-for-enhanced-durability-8bd615f969e7,95,4,keywords,general,
thehulltruth.com,https://www.thehulltruth.com/boating-forum/1091544-epoxy-abrasion-resistance.html,34,4,keywords,general,
globenewswire.com,https://www.globenewswire.com/news-release/2023/02/22/2612987/0/en/Abrasion-Resistant-Coatings-Market-Size-to-Hit-Around-8-62-USD-billion-by-2029-growing-at-a-6-55-CAGR-Exactitude-Consultancy.html,54,4,"keywords,competitors",general,
monroeaerospace.com,https://monroeaerospace.com/blog/an-introduction-to-gasket-sealant-and-how-it-works/,36,4,keywords,blog,
sciencemadness.org,http://www.sciencemadness.org/talk/viewthread.php?tid=23587,36,4,"keywords,competitors",general,
coatings.specialchem.com,https://coatings.specialchem.com/news/product-news/seal-for-life-duallayer-abrasion-resistant-overcoat-coating-pipes-000232500,52,4,keywords,news,
autogeekonline.net,https://www.autogeekonline.net/forum/auto-detailing-101-a/121697-anyone-else-less-than-impressed-scratch-resistance-offered-ceramic-coatings.html,38,4,keywords,forum,
candlepowerforums.com,https://www.candlepowerforums.com/threads/comprehensive-o-ring-thread-for-all-things-flashlights-and-flashlight-related.480597/,39,4,keywords,general,
monroeengineering.com,https://monroeengineering.com/blog/what-are-o-rings-and-how-do-they-work/,44,4,keywords,blog,
parker.com,https://www.parker.com/us/en/divisions/elastomer-process-materials-division/solutions/rubber-bonding-solutions.html,55,4,keywords,general,
arcindustrialcoatings.chesterton.com,https://arcindustrialcoatings.chesterton.com/Products/Pages/AbrasionResistance.aspx,31,4,keywords,general,
mcmaster.com,https://www.mcmaster.com/products/abrasion-resistant-coatings/,58,4,keywords,general,
yelp.com,https://www.yelp.com/biz/specialized-coatings-huntington-beach-2,100,4,keywords,general,
alliedmarketresearch.com,https://www.alliedmarketresearch.com/polymer-coatings-market-A53580,46,4,keywords,general,
clublexus.com,https://www.clublexus.com/forums/automotive-care-and-detailing/13706-permaplate-coating.html,31,4,keywords,forum,
finance.yahoo.com,https://finance.yahoo.com/news/global-abrasion-resistant-coatings-market-060806465.html,100,4,keywords,news,
cr4.globalspec.com,https://cr4.globalspec.com/thread/10115/Why-Won-t-Chemlok-Bond-to-Aluminum,51,4,"keywords,competitors",general,
itwperformancepolymers.com,https://itwperformancepolymers.com/blog/abrasion-resistance-with-epoxies-and-polyurethanes,32,4,keywords,blog,
boydcorp.com,https://www.boydcorp.com/blog/what-is-an-o-ring-history-and-applications-of-o-rings.html,35,4,keywords,blog,
ph.parker.com,https://ph.parker.com/us/en/category/adhesives-coatings-and-encapsulants,55,4,keywords,general,
marketsandmarkets.com,https://www.marketsandmarkets.com/Market-Reports/structural-adhesives-market-209974695.html,50,4,keywords,general,
news.ppg.com,https://news.ppg.com/press-releases/press-release-details/2022/PPG-to-exhibit-newly-acquired-Vanberg-Specialized-Coatings-solutions-at-World-Pork-Expo-/default.aspx,47,4,keywords,news,
trelleborg.com,https://www.trelleborg.com/en/seals/news-and-events/news/trelleborg-launches-new-flat-gasket-range,42,4,keywords,news,
weightweenies.starbike.com,https://weightweenies.starbike.com/forum/viewtopic.php?t=75201,31,4,keywords,forum,
practicalmachinist.com,https://www.practicalmachinist.com/forum/threads/powder-coating-and-gaskets.213757/,38,4,keywords,forum,
gluegun.com,https://www.gluegun.com/blogs/news/16-gasket-application-mistakes-to-avoid,34,4,keywords,blog,
rtilab.com,https://rtilab.com/2295-2/,31,4,keywords,general,
forum.miata.net,https://forum.miata.net/vb/showthread.php?t=720400,42,4,keywords,forum,
pinkbike.com,https://www.pinkbike.com/forum/listcomments/?threadid=222135,56,4,keywords,forum,
clariant.com,https://www.clariant.com/en/Corporate/News/2023/11/Clariant-to-showcase-new-portfolio-of-industrial-coatings-and-PTFE_free-additives-at-ChinaCoat-2023,44,4,keywords,news,
permatex.com,https://www.permatex.com/products/gasketing/gasket-sealants/permatex-ultra-rubber-gasket-sealant-dressing-1-oz/,39,4,keywords,general,
autopia.org,https://www.autopia.org/forums/car-detailing-product-discussion/190616-teflon-coating.html,32,4,keywords,forum,
scribd.com,https://www.scribd.com/document/336039308/Chemlok-252X,92,4,keywords,general,
finishing.com,https://www.finishing.com/101/57.shtml,34,4,keywords,general,
polyguard.com,https://polyguard.com/pipeline/blog/abrasion-resistant-pipe,34,4,keywords,blog,
tiger-coatings.com,https://www.tiger-coatings.com/us-en/tiger-group/tiger-blog/abrasion-mar-and-scratch-resistant-powder-coatings-for-furniture-applications,33,4,keywords,general,
applerubber.com,https://www.applerubber.com/blog/,33,4,keywords,blog,
news.thomasnet.com,https://news.thomasnet.com/fullstory/chemlok-film-adhesive-eliminates-the-need-for-applying-multiple-coats-for-bonding-rubber-to-metal-20060904,57,4,keywords,news,
openpr.com,https://www.openpr.com/news/3316861/abrasion-resistant-coatings-market-worth-15-00-billion,36,4,keywords,news,
mig-welding.co.uk,https://www.mig-welding.co.uk/forum/threads/abrasion-resistant-metal-paint.97272/,31,4,keywords,forum,
cloudynights.com,https://www.cloudynights.com/topic/425003-diy-teflon-coating/,44,4,keywords,general,
market.americandurafilm.com,https://market.americandurafilm.com/blog/blog-series-the-many-uses-of-teflon-coatings-across-different-industries,19,3,keywords,blog,
camaro5.com,https://www.camaro5.com/forums/showthread.php?t=611434,37,3,keywords,forum,
nashpainting.com,https://www.nashpainting.com/blog/what-are-specialty-coatings,31,3,keywords,blog,
discus.4specs.com,http://discus.4specs.com/discus/messages/7869/7173.html?1398461257,28,3,keywords,general,
bimmerforums.com,https://www.bimmerforums.com/forum/showthread.php?2372932-Use-of-sealants-with-gaskets,48,3,keywords,forum,
garagejournal.com,https://www.garagejournal.com/forum/threads/leanna-the-cudachick-phoenix-specialty-coatings-feedback.265791/,45,3,keywords,forum,
rdabbott.com,https://rdabbott.com/news/tag/chemlok/page/2/,21,3,keywords,news,
mycarforum.com,https://www.mycarforum.com/forums/topic/2709997-diy-detailing-experiment/page/4/,35,3,keywords,forum,
heavyequipmentforums.com,https://www.heavyequipmentforums.com/threads/o-rings-and-seals.86214/,31,3,keywords,general,
meridian.allenpress.com,https://meridian.allenpress.com/rct/article/89/4/712/93159/CATHODIC-DISBONDING-OF-INDUSTRIAL-CHLORINATED,47,3,keywords,general,
marcorubber.com,https://www.marcorubber.com/o-rings.htm,31,3,keywords,general,
forums.nasioc.com,https://forums.nasioc.com/forums/showthread.php?t=432268,40,3,keywords,forum,
axalta.com,https://www.axalta.com/ca/en_CA/products-services/customers/industrial-coatings/automotive-components-and-other-specialized-coatings.html,42,3,keywords,general,
chemours.com,https://www.chemours.com/en/industries-applications/application-development/continuous-innovation,43,3,"keywords,competitors",general,
paintsandcoatingsexpert.com,https://paintsandcoatingsexpert.com/2018/09/25/lord-corporation-announces-new-chemlok-adhesives/,11,3,keywords,general,
cbsnews.com,https://www.cbsnews.com/pittsburgh/news/penndot-turns-to-seal-coating-to-resurface-local-roads/,91,3,keywords,news,
iom3.org,https://www.iom3.org/resource/fluropolymer-future.html,33,3,keywords,general,
lawnsite.com,https://www.lawnsite.com/forums/seal-coating-forum.116/,33,3,keywords,forum,
eevblog.com,https://www.eevblog.com/forum/reviews/scratch-resistant-coating-for-glass-or-plastic/,43,3,keywords,forum,
forum.woodenboat.com,https://forum.woodenboat.com/forum/building-repair/191959-,37,3,keywords,forum,
zoominfo.com,https://www.zoominfo.com/c/specialized-coatings-inc/471802988,66,3,"keywords,competitors",general,
knowde.com,https://www.knowde.com/stores/impreglon,32,3,keywords,general,
scscoatings.com,https://scscoatings.com/newsroom/,28,3,keywords,general,
audizine.com,https://www.audizine.com/forum/showthread.php/738626-Best-way-to-restore-o-rings,40,3,keywords,forum,
yumpu.com,https://www.yumpu.com/en/document/view/25894510/international-elastomer-conference-rubber-division,47,3,keywords,general,
lockheedmartin.com,https://www.lockheedmartin.com/content/dam/lockheed-martin/aero/documents/sustainment/csc/service-news/sn-mag-v21-v30/V23N1.pdf,63,3,keywords,general,
industrial.sherwin-williams.com,https://industrial.sherwin-williams.com/na/us/en/general-industrial/catalog/category/products-by-industry/general-finishes/metal-and-plastic-finishing/powder/fluropolymer.13474990.html,73,3,keywords,general,
paintsquare.com,https://www.paintsquare.com/news/?fuseaction=view&id=11207&nl_versionid=3963,29,3,keywords,news,
belzona.com,https://www.belzona.com/en/products/purpose/abrasion-resistant.aspx,31,3,keywords,general,
boeingdistribution.com,https://www.boeingdistribution.com/product/PROTECTIVE+PAINT/_C/CHEML0K-7701-1-2PTCAN,34,3,keywords,general,
rennlist.com,https://rennlist.com/forums/928-forum/1306788-guidance-on-air-conditioning-o-rings.html,40,3,keywords,forum,
businesswire.com,https://www.businesswire.com/news/home/20200106005448/en/Global-Abrasion-Resistant-Coatings-Market-Analysis-Trends-and-Forecasts-2019-2025---ResearchAndMarkets.com,61,3,keywords,news,
metcoat.com,https://www.metcoat.com/abrasion-resistant-coatings.htm,16,3,keywords,general,
gluespec.com,https://www.gluespec.com/Materials/SpecSheet/2f66c14a-0011-4cb1-bf62-270c1d051cac,14,3,keywords,general,
wdel.com,https://www.wdel.com/news/video-o-rings-in-ogletown-dupont-celebrates-expansion/article_5a7f26bc-7cdb-11ee-9ab8-0b3007f7c93c.html,43,3,keywords,news,
bloomberg.com,https://www.bloomberg.com/profile/company/0702046D:US,88,3,keywords,general,
homedistiller.org,https://homedistiller.org/forum/viewtopic.php?t=67680,35,3,"keywords,competitors",forum,
dep.wv.gov,https://dep.wv.gov/daq/Documents/September%202017%20Permits%20and%20Evals/057-00011_EVAL_13-3334.pdf,65,3,keywords,general,
blog.progressiveproductsinc.com,https://blog.progressiveproductsinc.com/why-use-abrasion-resistant-ceramic-coatings,12,3,keywords,blog,
specializedcoating.com,https://www.specializedcoating.com/,14,3,keywords,general,
precisioncoating.com,https://www.precisioncoating.com/news-and-blog/the-difference-between-aqueous-based-and-solvent-based-ptfe-coatings/,23,3,keywords,general,
dap.com,https://www.dap.com/products-projects/product-categories/caulks-sealants/silicone/gasket-in-a-tube/,44,3,keywords,general,
forum.ih8mud.com,https://forum.ih8mud.com/threads/o-rings-jis.1228512/,32,3,keywords,forum,
painttalk.com,https://www.painttalk.com/forums/specialty-coatings.16/,25,3,keywords,forum,
decc.com,https://www.decc.com/supplier/lord-corporation/,18,3,keywords,general,
forums.ybw.com,https://forums.ybw.com/threads/ptfe-coating-for-the-propellors.417282/,36,3,keywords,general,
cor-pro.com,https://www.cor-pro.com/blog/,12,3,keywords,blog,
westpharma.com,https://www.westpharma.com/products/quality-enhancements/films-and-coatings/flurotec-fluro-polymer-barrier-film-e-and-l,39,3,keywords,general,
central.newschannelnebraska.com,https://central.newschannelnebraska.com/story/49225204/Coating-Gasket-Market,42,3,keywords,news,
science.gov,https://www.science.gov/topicpages/m/multifunctional+smart+coating.html,43,3,keywords,general,
enduracoatings.com,https://www.enduracoatings.com/wear-resistant.html,12,3,keywords,general,
blog.humiseal.com,https://blog.humiseal.com/topic/micro-abrasion,21,3,keywords,blog,
fst.com,https://www.fst.com/products/static-seals/o-rings/,36,3,keywords,general,
coppsindustries.com,https://www.coppsindustries.com/blog/what-are-the-applications-of-an-abrasion-resistant-coating/,14,3,keywords,blog,
paint.org,https://www.paint.org/tide-rock-acquires-specialized-coating-services/,40,3,keywords,general,
globaloring.com,https://www.globaloring.com/blog/,21,3,keywords,blog,
jessupmfg.com,https://www.jessupmfg.com/blog/types-of-specialized-coatings-for-product-enhancement.html,27,3,keywords,blog,
aseannow.com,https://aseannow.com/topic/860051-o-ring-seals-that-stretch-and-fail/,38,3,keywords,general,
thefiringline.com,https://thefiringline.com/forums/showthread.php?t=414888,43,3,keywords,forum,
irv2.com,https://www.irv2.com/forums/f103/teflon-paint-treatment-597151-4.html,44,3,keywords,forum,
rolexforums.com,https://www.rolexforums.com/archive/index.php/t-421846.html,37,3,keywords,general,
blairrubber.com,http://www.blairrubber.com/pdf/Chemlok289-290.pdf,18,3,keywords,general,
app.aws.org,https://app.aws.org/forum/topic_show.pl?tid=3503,45,3,keywords,forum,
gallagherseals.com,https://www.gallagherseals.com/blog/gallagher-seals-news,23,3,keywords,blog,
aftermarketnews.com,https://www.aftermarketnews.com/dana-develops-industry-first-eco-friendly-engine-gasket-coating/,40,3,keywords,general,
watchuseek.com,https://www.watchuseek.com/threads/ar-coating-scratch.1474393/,46,3,keywords,general,
mtbr.com,https://www.mtbr.com/threads/specialized-frame-finish-paint-remedies-and-warranty-what-ive-learned.859770/,44,3,keywords,general,
mercergasket.com,https://www.mercergasket.com/blog/,11,3,keywords,blog,
crestcoating.com,https://www.crestcoating.com/cci-blog/ptfe-coatings/,11,3,keywords,general,
airgunnation.com,https://www.airgunnation.com/threads/good-source-for-o-rings.498127/,27,3,keywords,general,
theoringstore.com,https://www.theoringstore.com/store/,31,3,keywords,general,
fluorotec.com,https://www.fluorotec.com/news/blog/ptfe-coating-benefits/,30,3,keywords,blog,
allischalmers.com,https://www.allischalmers.com/forum/head-gasket-coating-sealer_topic125188.html,26,3,keywords,forum,
coatingspromag.com,https://www.coatingspromag.com/industry-news/2019/03/vanberg-specialized-coatings-expands-to-larger-facility,23,3,keywords,general,
lifespecialtycoatings.com,https://lifespecialtycoatings.com/blog/,22,3,keywords,blog,
marineengine.com,https://www.marineengine.com/boat-forum/threads/gasket-sealants.443323/,33,3,keywords,general,
yellowpages.com,https://www.yellowpages.com/new-lenox-il/mip/midwest-coatings-inc-495602669,75,3,"keywords,competitors",general,
forums.electricbikereview.com,https://forums.electricbikereview.com/threads/terrible-paint-used-on-8-000-specialized-bike-and-no-customer-support.47618/,34,3,keywords,general,
callapg.com,https://www.callapg.com/o-rings,23,3,keywords,general,
rubbernews.com,https://www.rubbernews.com/suppliers/parker-hannifin-acquire-lord-corp-368-billion-deal,28,3,keywords,general,
news.ycombinator.com,https://news.ycombinator.com/item?id=34911507,70,3,keywords,news,
m3post.com,https://www.m3post.com/forums/showthread.php?t=1194428,38,3,keywords,forum,
aicoatings.com.au,https://www.aicoatings.com.au/fluoropolymer-coatings/,18,3,keywords,general,
precisioncoatingtech.com,https://www.precisioncoatingtech.com/blog/the-top-5-applications-and-advantages-of-ptfe-coatings/,12,3,keywords,blog,
cruisersforum.com,https://www.cruisersforum.com/forums/f55/use-gasket-sealant-on-new-gaskets-208704.html,33,3,keywords,forum,
marklines.com,https://www.marklines.com/en/news/232838,44,3,keywords,news,
corvetteforum.com,https://www.corvetteforum.com/forums/car-care-discussion/590449-teflon-vs-wax.html,53,3,keywords,forum,
crcindustries.com,https://www.crcindustries.com/copper-coat-174-gasket-compound-4-fl-oz/,40,3,keywords,general,
sn.astm.org,https://sn.astm.org/update/abrasion-coating-resistance-smart-devices-ma21.html,57,3,keywords,general,
sealingdevices.com,https://sealingdevices.com/6-things-to-consider-when-selecting-an-o-ring-2/,26,3,keywords,general,
detailingworld.co.uk,https://www.detailingworld.co.uk/threads/ptfe-teflon-in-wax.364263/page-4,33,3,keywords,general,
clickondetroit.com,https://www.clickondetroit.com/video/local-news/2020/10/05/seal-coating-scammers-targeting-metro-detroiters-who-are-home-due-to-coronavirus-pandemic/,65,3,keywords,general,
grainger.com,https://www.grainger.com/category/hardware/o-rings-and-o-ring-kits/o-rings,67,3,keywords,general,
dootalk.com,https://www.dootalk.com/threads/are-the-new-sleds-painted-or-powder-coated-or.1573897/,32,3,keywords,general,
mgexp.com,https://www.mgexp.com/forum/mgb-and-gt-forum.1/gasket-sealer.4389945/,26,3,keywords,forum,
specialtycoatingsinc.com,https://specialtycoatingsinc.com/blogs/news,11,3,keywords,news,
toyotanation.com,https://www.toyotanation.com/threads/blown-head-gasket-sealer.1723375/,50,3,keywords,general,
lumiflonusa.com,https://lumiflonusa.com/technical/performance-of-fluoropolymer-topcoat-systems/,18,3,keywords,general,
toefco.com,https://toefco.com/blog/what-is-ptfe,21,3,keywords,blog,
arpmaterials.com,https://www.arpmaterials.com/products/performance/lord-adhesives/,12,3,keywords,general,
tym.co.uk,https://tym.co.uk/blogs/news,12,3,keywords,news,
lvppaints.com,https://www.lvppaints.com/Fluropolymer-PVDF-Air-Dry-Paint_c_806.html,12,3,keywords,general,
agweb.com,https://www.agweb.com/news/machinery/tractors/oh-no-o-ring-truth-not-so-simple-leaks,46,3,keywords,news,
vanbergcoatings.com,http://vanbergcoatings.com/index.php/blog/,13,3,keywords,blog,
store.ampp.org,https://store.ampp.org/the-benefits-and-use-of-fluropolymer-coatings,42,3,keywords,general,
forums.sailinganarchy.com,https://forums.sailinganarchy.com/threads/sf-bay-race-boat-bottom-paint-suggestions-currently-has-micron-66.239015/,38,3,keywords,general,
dnb.com,https://www.dnb.com/business-directory/company-profiles.specialized_coatings.599cef8c90d52b2e9e18b965baa31fcf.html,71,2,keywords,general,
badgerandblade.com,https://www.badgerandblade.com/forum/threads/do-teflon-ptfe-coating-glide-better-than-platinum-coating.455967/page-2,36,2,keywords,forum,
apps.dtic.mil,https://apps.dtic.mil/sti/tr/pdf/ADA388787.pdf,56,2,keywords,general,
marketdataforecast.com,https://www.marketdataforecast.com/market-reports/abrasion-resistant-coatings-market,33,2,keywords,general,
planetofthevapes.co.uk,https://www.planetofthevapes.co.uk/forums/ecig-discussion/general-chat/threads/o-rings.212050/,29,2,keywords,forum,
espint.com,https://www.espint.com/products/o-rings,23,2,keywords,general,
digitaljournal.com,https://www.digitaljournal.com/pr/news/prime-pr-wire/the-global-abrasion-resistant-coatings-market-is-expected-to-grow-at-a-cagr-of-12-from-2023-to-2030-the-market-size-was-valued-at-usd-17-2-billion-in-2023-,44,2,keywords,news,
thefreelibrary.com,https://www.thefreelibrary.com/Rubber+Division+meets+in+Louisville%2C+KY.-a0559210103,48,2,keywords,general,
prnewswire.co.uk,https://www.prnewswire.co.uk/news-releases/abrasion-resistant-coatings-market-worth-11-1-billion-by-2024-exclusive-report-by-marketsandmarkets-tm--888765642.html,37,2,keywords,general,
hpacademy.com,https://www.hpacademy.com/q-and-a/should-i-use-copper-spray-on-my-head-gasket/,33,2,keywords,general,
dokumen.pub,https://dokumen.pub/download/polymeric-materials-for-corrosion-control-9780841209985-9780841211599-0-8412-0998-7.html,39,2,keywords,general,
bdcnetwork.com,https://www.bdcnetwork.com/blog/make-statement-sea,42,2,keywords,blog,
snowboardingforum.com,https://www.snowboardingforum.com/threads/2nd-only-to-powder-on-the-fun-0-meter.77042/post-893354,32,2,keywords,general,
rudolphbros.com,https://www.rudolphbros.com/itemdetail/LO3003630,19,2,keywords,general,
f80.bimmerpost.com,https://f80.bimmerpost.com/forums/showthread.php?t=1945460,56,2,keywords,forum,
aps.org,https://www.aps.org/publications/apsnews/202104/history.cfm,57,2,keywords,general,
pdx.edu,https://www.pdx.edu/construction/sites/construction.web.wdt.pdx.edu/files/2020-08/Technical-Design-Standards-Rev4B_0_0.pdf,53,2,keywords,general,
cybertruckownersclub.com,https://www.cybertruckownersclub.com/musk-tungsten-carbide-coating-may-be-offered-to-scratch-proof-cybertruck/,36,2,keywords,general,
montanacolors.com,https://www.montanacolors.com/en/productos/mtn-pro-seal-coating-waterproof-spray-paint/,33,2,keywords,general,
plasticsnews.com,https://www.plasticsnews.com/article/20180522/NEWS/180529978/lord-investing-80-million-at-pennsylvania-site,33,2,keywords,news,
webmd.com,https://www.webmd.com/food-recipes/is-teflon-coating-safe,100,2,keywords,general,
v11lemans.com,https://www.v11lemans.com/forums/topic/23932-o-rings-lots-of-o-rings/,9,2,keywords,forum,
masterbond.com,https://www.masterbond.com/properties/abrasion-resistant-adhesives-and-coatings,32,2,keywords,general,
shopfloortalk.com,https://www.shopfloortalk.com/forums/showthread.php?t=47177,17,2,keywords,forum,
amcor.com,https://www.amcor.com/media/news/act2100-heat-seal-coating-healthcare-packaging,46,2,keywords,news,
hisco.com,https://www.hisco.com/Product/3004048-30914,32,2,keywords,general,
docplayer.net,https://docplayer.net/75818121-Cleveland-convention-center-cleveland-oh-usa.html,40,2,keywords,general,
saxontheweb.net,https://www.saxontheweb.net/threads/camp-dry-as-pad-treatment.154678/,33,2,keywords,general,
blog.epectec.com,https://blog.epectec.com/improving-abrasion-resistance-for-silicone-rubber-keypads,35,2,keywords,blog,
forum.prusa3d.com,https://forum.prusa3d.com/forum/english-forum-general-discussion-announcements-and-releases/need-help-on-how-to-deal-with-this-disaster/,56,2,keywords,forum,
skibuilders.com,http://skibuilders.com/phpBB2/viewtopic.php?t=614&start=30,18,2,keywords,forum,
tiktok.com,https://www.tiktok.com/@gmtechautocare_my/video/7267496027777731841,100,2,keywords,general,
delwestengineering.com,https://delwestengineering.com/specialized-coatings/,18,2,keywords,general,
calicocoatings.com,https://www.calicocoatings.com/coatings/teflon-coatings/,22,2,keywords,general,
mtigasket.com,https://mtigasket.com/gasket-anti-stick-coating/,10,2,keywords,general,
arkema.com,https://www.arkema.com/usa/en/media/news/non-global/sites/technicalpolymers/2017/20170405-rilsan-pa-11-abra/,43,2,keywords,news,
sdctech.com,https://sdctech.com/markets/automotive-transit/,23,2,keywords,general,
manta.com,https://www.manta.com/c/mm34x69/specialized-coatings-inc,55,2,keywords,general,
chemshun.com,https://www.chemshun.com/products/chemlokglueforvulcan.html,11,2,keywords,general,
jeepgladiatorforum.com,https://www.jeepgladiatorforum.com/forum/threads/oil-pan-gasket.73318/,34,2,keywords,forum,
files.lord.com,https://files.lord.com/pdf/44/DS4142_Chemlok402X-HS.pdf,26,2,keywords,general,
blog.keronite.com,https://blog.keronite.com/4-wear-resistant-coatings-for-lightweight-metal,25,2,keywords,blog,
iwsti.com,https://www.iwsti.com/threads/ceramic-coat-or-not.128114/page-2,32,2,keywords,general,
mjgasket.com,https://www.mjgasket.com/custom-gasket/steel-with-advanced-coating/,11,2,keywords,general,
fluoron.com,https://fluoron.com/fluoropolymers-and-withstanding-extreme-conditions/,16,2,"keywords,competitors",general,
talk.newagtalk.com,https://talk.newagtalk.com/forums/thread-view.asp?tid=1034280&mid=9384153,38,2,keywords,forum,
marketresearchfuture.com,https://www.marketresearchfuture.com/reports/abrasion-resistant-coatings-market/companies,43,2,"keywords,competitors",general,
inis.iaea.org,https://inis.iaea.org/collection/NCLCollectionStore/_Public/19/066/19066810.pdf,63,2,keywords,general,
mapquest.com,https://www.mapquest.com/us/california/specialized-coatings-11431446,87,2,keywords,general,
carparts.com,https://www.carparts.com/blog/what-exactly-is-head-gasket-sealer/,68,2,keywords,blog,
blackwoods.com.au,https://www.blackwoods.com.au/adhesives-sealants-fillers/adhesives-sealants/chemlok-rubber-adhesive/c/312467275/208640850/variants,39,2,keywords,general,
in.linkedin.com,https://in.linkedin.com/in/ganesh-kn-90698614,100,2,keywords,general,
nextdoor.com,https://nextdoor.com/pages/specialized-coatings-huntington-beach-ca/,71,2,keywords,general,
farwestcorrosion.com,https://www.farwestcorrosion.com/3mtm-scotchkotetm-abrasion-resistant-epoxy-coating-328.html,26,2,keywords,general,
o-rings.org,https://www.o-rings.org/,31,2,keywords,general,
customgasketmfg.com,https://www.customgasketmfg.com/blog/,13,2,keywords,blog,
archive.org,https://archive.org/stream/NASA_NTRS_Archive_19950025325/NASA_NTRS_Archive_19950025325_djvu.txt,89,2,keywords,general,
taiwannews.com.tw,https://www.taiwannews.com.tw/en/news/4391114,52,2,keywords,news,
forum.solidworks.com,https://forum.solidworks.com/thread/86690,64,2,keywords,forum,
eriks.com,https://eriks.com/en/know-how-hub/blogs/all-about-o-rings-from-basics-to-advanced-applications/,27,2,keywords,blog,
medicalplasticsnews.com,https://www.medicalplasticsnews.com/news/whitfords-medical-group-seeks-iso-13485-certification/,23,2,keywords,news,
felpro.com,https://www.felpro.com/technical/tecblogs/head-gasket-sealing-solutions.html,40,2,keywords,general,
local.demandforce.com,https://local.demandforce.com/b/specializedcoatings,49,2,keywords,general,
chevroletforum.com,https://chevroletforum.com/forum/tahoe-suburban-25/thoughts-head-gasket-sealant-100158/,32,2,keywords,forum,
southaven.org,https://southaven.org/Blog.asp?IID=86,37,2,keywords,general,
diyaudio.com,https://www.diyaudio.com/community/threads/wire-stators-tension-stator-bending.128364/,40,2,"keywords,competitors",general,
indiamart.com,https://www.indiamart.com/proddetail/rubber-to-metal-bonding-adhesive-coating-chemlok-coating-4989395991.html,92,2,keywords,general,
fluoroprecision.co.uk,https://www.fluoroprecision.co.uk/News/Category/Medical-Teflon-PTFE-Coatings,10,2,keywords,news,
mdpi.com,https://www.mdpi.com/2075-4442/2/2/66,69,2,"keywords,competitors",general,
ellsworth.com,https://www.ellsworth.com/products/by-market/defense/sealants/henkel-loctite-1522029-aviation-gasket-sealant-brown-1-pt-can/,38,2,keywords,general,
johnguest.com,https://www.johnguest.com/ie/en/resources/blog/become-lord-o-ring-five-facts,37,2,keywords,blog,
angi.com,https://www.angi.com/companylist/us/or/tigard/specialty-coatings-inc-reviews-3310585.htm,71,2,keywords,review,
san-marcos.net,https://www.san-marcos.net/Home/Components/News/News/197/181?arch=1&npage=42,38,2,keywords,news,
pubmed.ncbi.nlm.nih.gov,https://pubmed.ncbi.nlm.nih.gov/28913736/,100,2,keywords,general,
ellsworthadhesives.co.uk,https://www.ellsworthadhesives.co.uk/product-category/surface-preparation/,17,2,keywords,general,
blog.praterindustries.com,https://blog.praterindustries.com/advantages-of-specialized-coatings-for-particle-reduction-equipment,22,2,keywords,blog,
cience.com,https://www.cience.com/company/specialized-coatings/7435332837946638418,38,2,keywords,general,
matweb.com,https://www.matweb.com/search/datasheettext.aspx?matguid=935cd130f903422280684e2d3dc36b6f,46,2,keywords,general,
bbq-brethren.com,https://www.bbq-brethren.com/forum/archive/index.php/t-283864.html,38,2,keywords,forum,
g30.bimmerpost.com,https://g30.bimmerpost.com/forums/showthread.php?t=1943048,56,2,keywords,forum,
industrialcoat.com,https://www.industrialcoat.com/blog/,14,2,keywords,blog,
honda-tech.com,https://honda-tech.com/forums/all-motor-naturally-aspirated-44/best-rod-main-bearings-buy-602118/,43,2,keywords,forum,
singletrackworld.com,https://singletrackworld.com/forum/topic/endura-mt500-coat-user-feedback/,47,2,keywords,forum,
entegris.com,https://www.entegris.com/shop/en/USD/products/liquid-filtration-and-purification/liquid-filter-housings/Chemlock-Filter-Housings/p/ChemlockFilterHousings,40,2,keywords,general,
gtbolt.en.made-in-china.com,https://gtbolt.en.made-in-china.com/product/imAYvuprRQUw/China-Mild-Carbon-Steel-Xylan-Fluropolymer-Coating-with-Green-Color-Plain-Washer.html,65,2,keywords,general,
forum.cyclinguk.org,https://forum.cyclinguk.org/viewtopic.php?t=127661,45,2,keywords,forum,
leeduser.buildinggreen.com,https://leeduser.buildinggreen.com/forum/meaning-ready-use-products,33,2,keywords,forum,
intechservices.com,https://intechservices.com/intech-insider-blog/what-spraying-method-should-you-use/,19,2,"keywords,competitors",general,
lightningboltandsupply.com,https://lightningboltandsupply.com/ptfe.html,12,2,keywords,general,
omegaforums.net,https://omegaforums.net/threads/omega-ar-coating-scratch-removal-anti-glare.126668/,32,2,keywords,general,
forums.pelicanparts.com,http://forums.pelicanparts.com/porsche-911-technical-forum/196877-jet-hot-coating.html,41,2,keywords,general,
thefabricator.com,https://www.thefabricator.com/thefabricator/blog/safety/around-dc-manufacturers-wont-have-to-worry-about-new-emission-control-rules,40,2,keywords,blog,
wyattseal.com,https://www.wyattseal.com/blog/5-common-materials-industrial-o-rings,11,2,keywords,blog,
dol.gov,https://www.dol.gov/newsroom/releases/whd/whd20230130-0,74,2,keywords,general,
excaliburcrossbow.com,https://www.excaliburcrossbow.com/phpBB3/viewtopic.php?t=24781,37,2,keywords,forum,
5thgenrams.com,https://5thgenrams.com/community/threads/ceramic-coating-is-lifetime-really-lifetime.46759/,36,2,keywords,general,
jdpower.com,https://www.jdpower.com/cars/shopping-guides/does-head-gasket-sealer-work,74,2,keywords,general,
appliedplastics.com,https://appliedplastics.com/about/news/page/3/,19,2,keywords,news,
ls1tech.com,https://ls1tech.com/forums/forced-induction/233430-teflon-coating-pistons.html,34,2,keywords,forum,
adhesivesmag.com,https://www.adhesivesmag.com/articles/82997-company-news-august-2001,26,2,"keywords,competitors",general,
wranglertjforum.com,https://wranglertjforum.com/threads/where-do-these-o-rings-go.44292/,31,2,keywords,general,
torquenews.com,https://www.torquenews.com/14093/head-gasket-sealer-test-results-after-two-year-test,51,2,keywords,general,
allorings.com,https://www.allorings.com/,26,2,keywords,general,
iqsdirectory.com,https://www.iqsdirectory.com/articles/o-ring.html,62,2,keywords,general,
henkel-adhesives.com,https://www.henkel-adhesives.com/us/en/product/gasketing-sealants/loctite_5180.html,50,2,keywords,general,
silcotek.com,https://www.silcotek.com/blog/can-inert-coatings-be-applied-to-seal-surfaces,27,2,keywords,blog,
pinside.com,https://pinside.com/pinball/forum/topic/which-wax-for-the-playfield,41,2,keywords,forum,
forums.maxperformanceinc.com,https://forums.maxperformanceinc.com/forums/showthread.php?p=3067567,34,2,keywords,forum,
permabond.com,https://www.permabond.com/resource-center/remove-industrial-adhesive/,32,2,keywords,general,
coursehero.com,https://www.coursehero.com/file/156714465/GP-56-02-13-Fluropolymer-Coating-for-Fastenerspdf/,74,2,keywords,general,
cars24.com,https://www.cars24.com/blog/teflon-coating-vs-ceramic-coating-on-cars-pros-cons/,69,2,keywords,blog,
bbb.org,https://www.bbb.org/us/fl/palm-harbor/profile/painting-contractors/specialized-coatings-inc-0653-90027734,79,2,keywords,general,
e46fanatics.com,https://www.e46fanatics.com/threads/viton-o-rings.1262499/,37,2,keywords,general,
thomasindcoatings.com,https://www.thomasindcoatings.com/planning-for-abrasion-resistance-in-your-coatings-project/,22,2,keywords,general,
alibaba.com,https://www.alibaba.com/chemlok-adhesive-suppliers.html,81,2,keywords,general,
coatingsystems.com,https://coatingsystems.com/category/custom-coating/,10,2,keywords,general,
forums.avianavenue.com,https://forums.avianavenue.com/index.php?threads/pfoa-ptfe-and-ceramic-cookware-explained.222239/,31,2,"keywords,competitors",general,
pistol-forum.com,https://pistol-forum.com/showthread.php?52063-NP3-Update/page2,32,2,keywords,forum,
e-cigarette-forum.com,https://www.e-cigarette-forum.com/threads/volt-batteries.943615/,36,2,keywords,general,
promo.parker.com,"https://promo.parker.com/promotionsite/oring-ehandbook/us/ehome/ci.Advantages-of-an-O%E2%80%93Ring,EN.EN",55,2,keywords,general,
glassdoor.com,https://www.glassdoor.com/Reviews/Martin-Specialty-Coatings-Reviews-E1330975.htm,78,2,keywords,review,
optiboard.com,https://www.optiboard.com/forums/showthread.php/15966-Scratch-coating-scam/page2,23,2,keywords,forum,
gracoroberts.com,https://www.gracoroberts.com/coatings/var-akzonobel-24t3-10-bac700-abrasion-resistant-coating/,24,2,keywords,general,
echa.europa.eu,https://echa.europa.eu/documents/10162/f71f3bed-e48d-5004-d195-e293c38d0602,51,2,keywords,general,
pentaxforums.com,https://www.pentaxforums.com/forums/16-pentax-news-rumors/235400-new-hd-da-limited-lenses-43.html,40,2,keywords,forum,
lubrizol.com,https://www.lubrizol.com/Coatings/Blog/2019/10/PTFE-Alternatives,45,2,keywords,blog,
forum.bambulab.com,https://forum.bambulab.com/t/coating-nozzle-cht-clone-with-nickel-using-electrolysis/11094,46,2,keywords,forum,
threebond.com,https://threebond.com/coating-devies-of-liquid-materials-and-applicators-of-liquid-gaskets/,24,2,keywords,general,
homeadvisor.com,https://www.homeadvisor.com/rated.SpecialtyCoatingsInc.15474723.html,54,2,keywords,general,
wevv.com,https://www.wevv.com/news/yellow-creek-park-closed-monday-and-tuesday-for-asphalt-seal-coating/article_82858f18-cfa6-11ec-9aa3-774455997667.html,41,2,keywords,news,
versaflex.com,https://versaflex.com/versaflex-raven-lining-systems-merge/,21,2,keywords,general,
haydencorp.com,https://www.haydencorp.com/thermal-coating-applications/abrasion-and-wear-resistance,17,2,keywords,general,
empoweringpumps.com,https://empoweringpumps.com/donit-gasket-4as-anti-stick-coating/,24,2,keywords,general,
visiongain.com,https://www.visiongain.com/report/abrasion-resistant-coatings-market-report-2020-2030/,26,2,keywords,general,
industrynet.com,https://www.industrynet.com/listing/1149997/lord-corp,39,2,keywords,general,
nookindustries.com,https://www.nookindustries.com/resources/blog/archive/specialized-paint-coatings-materials-for-demanding-environments/,26,2,keywords,blog,
reprap.org,"https://reprap.org/forum/read.php?4,65164",42,2,keywords,forum,
corvaircenter.com,https://corvaircenter.com/forum/viewtopic.php?t=1006438,25,2,keywords,forum,
6sense.com,https://6sense.com/company/specialized-coatings/627b1644246c1d0f5d0d649c,57,2,keywords,general,
automatedgasketcorp.com,https://www.automatedgasketcorp.com/blog/,20,2,keywords,blog,
4spe.org,https://www.4spe.org/i4a/doclibrary/getfile.cfm?doc_id=23630,31,2,keywords,general,
crosslinkpaints.com,https://www.crosslinkpaints.com/,10,2,keywords,general,
macheforum.com,https://www.macheforum.com/site/threads/ceramic-coating.18455/,39,2,keywords,general,
tencarva.com,https://tencarva.com/repairs/specialized-coatings/,22,2,keywords,general,
dichtomatik.fst.com,https://dichtomatik.fst.com/products/static-seals/o-rings/,36,2,keywords,general,
fsicti.com,https://fsicti.com/category/news-events/news/,17,2,keywords,news,
ppgindustrialcoatings.com,https://www.ppgindustrialcoatings.com/en-US/blog/from-basic-black-to-brilliant-hues-the-colorful-evolution-of-non-stick-coatings,32,2,keywords,blog,
eurofins.com,https://www.eurofins.com/consumer-product-testing/media-centre/news/regulatory-updates-02-2023/,44,2,keywords,news,
henniggasket.com,https://www.henniggasket.com/gasket-answers/graphite-gaskets-2/does-your-application-need-a-graphite-seal-or-gasket/,11,2,keywords,general,
cpvmfg.com,https://www.cpvmfg.com/news/selecting-o-rings-that-wont-fail/,26,2,keywords,news,
photrio.com,https://www.photrio.com/forum/threads/where-to-get-mylar-to-protect-negatives.108620/,32,2,keywords,forum,
newswire.com,https://www.newswire.com/news/acculloy-opens-new-coatings-operation-performacoat-inc-140690,44,2,keywords,news,
chestertonrotating.chesterton.com,https://chestertonrotating.chesterton.com/en-us/Products/Pages/185.aspx,31,2,keywords,general,
homenewsnow.com,https://homenewsnow.com/blog/2022/11/08/sherwin-williams-reaches-agreement-to-buy-specialized-industrial-coatings-holding/,26,2,keywords,blog,
downloads.unido.org,https://downloads.unido.org/ot/48/07/4807358/20001-_21389.pdf,48,2,keywords,general,
wws.belzona.com,http://wws.belzona.com/abrasion-resistant-coatings/,31,2,keywords,general,
dailyitem.com,https://www.dailyitem.com/news/seal-coating-starts-monday-in-east-buffalo-township/article_af50b45a-3dfa-11ee-9e4c-f77dc94d99d9.html,47,2,keywords,news,
gearaid.com,https://www.gearaid.com/blogs/learn/waterproof-seam-seal-tent-how-to,37,2,keywords,blog,
kiaevforums.com,https://www.kiaevforums.com/threads/sad-day-scratch-in-matte-paint.4407/,31,2,keywords,general,
integument.com,https://www.integument.com/,16,2,keywords,general,
manufacturingtomorrow.com,https://www.manufacturingtomorrow.com/news/2022/03/21/fluoro-polymer-ptfe-coating-marine-coatings-fluoro-polymer-non-stick-coating-ptfe-coatings-for-automotive-components/18421/,34,2,"keywords,competitors",news,
zzperformance.com,https://zzperformance.com/products/zzp-ltg-head-gasket-viton-coated,32,2,keywords,general,
professionalplastics.com,https://www.professionalplastics.com/professionalplastics/content/downloads/FluoropolymerOverview.pdf,37,2,keywords,general,
head-fi.org,https://www.head-fi.org/threads/official-99-99-teflon-coated-silver-wire-group-buy.78633/page-27,47,2,keywords,general,
blog.chesterton.com,https://blog.chesterton.com/wear-protection/industrial-coatings/selecting-right-protective-coating-technology/,31,2,keywords,blog,
search.worldcat.org,https://search.worldcat.org/title/fluoropolymer-additives/oclc/855547880?referer=br&ht=edition,62,2,keywords,general,
osti.gov,https://www.osti.gov/etdeweb/servlets/purl/20671830,53,2,keywords,general,
blog.zsa.io,https://blog.zsa.io/robins-repairs-o-rings/,34,2,keywords,blog,
acurazine.com,https://acurazine.com/forums/wash-wax-23/simoniz-system-5-a-263175/,33,2,keywords,forum,
bobistheoilguy.com,https://bobistheoilguy.com/forums/threads/synthetic-oil-dries-out-seals.376960/page-2,46,2,"keywords,competitors",forum,
wp.nyu.edu,https://wp.nyu.edu/dispatch/why-pfa-o-rings-are-the-industrys-standard/,71,2,keywords,general,
walmart.com,https://www.walmart.com/c/kp/o-rings,99,2,keywords,general,
qcsupply.com,https://www.qcsupply.com/vsc-medium-aggregate-50lb-bag.html,33,2,keywords,general,
archerytalk.com,https://www.archerytalk.com/threads/teflon-coating.526600/,54,2,keywords,general,
mavericktruckclub.com,https://www.mavericktruckclub.com/forum/threads/paint-scratches-too-easily-very-disappointed-edit-it-wasnt-a-scratch-but-paint-from-the-broom-that-cleaned-off.9687/,42,2,keywords,forum,
adv-polymer.com,https://www.adv-polymer.com/chemline-coatings/2400,26,2,keywords,general,
success.kbs-coatings.com,https://success.kbs-coatings.com/,36,2,keywords,general,
oldwillysforum.com,https://www.oldwillysforum.com/forum/index.php?threads/end-all-gasket-sealant-discussion-on-a-mission-to-stop-leaks.6795/,19,2,keywords,forum,
rpminc.com,https://www.rpminc.com/,37,2,keywords,general,
chemical-concepts.com,https://www.chemical-concepts.com/product/permatexr-form-a-gasketr-1-sealant-11-oz-tube-boxed/,23,2,keywords,general,
phys.org,https://phys.org/tags/coating/,58,2,"keywords,competitors",general,
cumi-murugappa.com,https://www.cumi-murugappa.com/emd/applications/high-abrasion-resistance-coating/,35,2,keywords,general,
integralproducts.com,https://www.integralproducts.com/item/lord-products/chemlok-459x-chemical-primers/1038,19,2,keywords,general,
jlwranglerforums.com,https://www.jlwranglerforums.com/forum/threads/for-nano-ceramic-coating-against-to-scratch.35942/,38,2,keywords,forum,
metso.com,https://www.metso.com/products-and-services/parts/wear-and-abrasion-resistant-coating/,41,2,keywords,general,
byk.com,https://www.byk.com/en/company-news/press-media/articles/ptfe-free-wax-additives-for-scratch-free-surfaces,37,2,keywords,general,
silmid.com,https://www.silmid.com/us/coatings/primers/Lord-Chemlok-459X-Primer-16kg/,31,2,keywords,general,
hkpro.com,https://www.hkpro.com/threads/nickel-ptfe-internal-coating-worth-it.525280/,36,2,keywords,general,
michelman.com,https://www.michelman.com/solutions/nomar/,28,2,keywords,general,
advrider.com,https://www.advrider.com/f/threads/head-gasket-sealant-no-sealant.1040180/,53,2,keywords,general,
newswest9.com,https://www.newswest9.com/article/news/local/city-of-big-spring-neighborhood-seal-coating-project-to-begin-on-june-14/513-584438b4-e836-4390-803d-8bae105b4bf0,47,2,keywords,news,
openflexure.discourse.group,https://openflexure.discourse.group/t/o-ring-problems/333,13,2,keywords,general,
yesterdaystractors.com,https://www.yesterdaystractors.com/cgi-bin/viewit.cgi?bd=jd&th=226517,40,2,keywords,general,
sendcutsend.com,https://sendcutsend.com/blog/coating-comparisons-surface-durability/,39,2,keywords,blog,
contractortalk.com,https://www.contractortalk.com/threads/painting-r-panel-fence.118630/,28,2,keywords,general,
toyota-4runner.org,https://www.toyota-4runner.org/3rd-gen-t4rs/283607-need-help-ps-o-ring.html,39,2,keywords,general,
european-coatings.com,https://www.european-coatings.com/news/application-areas/a-promising-self-assembly-ptfe-coating-for-effective-large-scale-deicing/,28,2,keywords,news,
af.mil,https://www.af.mil/News/Article-Display/Article/580492/af-develops-high-temperature-abrasion-resistant-coating-for-fighter-aircraft/,74,2,keywords,news,
ideaexchange.uakron.edu,https://ideaexchange.uakron.edu/honors_research_projects/933/,48,2,keywords,general,
orangeseal.us,https://orangeseal.us/collections/o-rings,11,2,keywords,general,
decorativeimaging.com.au,https://www.decorativeimaging.com.au/news/teflon-coating-v-silicone-glaze-what-39-s-best-for-commercial-cookware/,25,2,keywords,news,
dpreview.com,https://www.dpreview.com/forums/thread/1953114,63,2,keywords,forum,
thefarmingforum.co.uk,https://thefarmingforum.co.uk/index.php?threads/which-gasket-sealer.349690/,45,2,keywords,general,
subaruoutback.org,https://www.subaruoutback.org/threads/head-gasket-surface-sealant.514665/,36,2,keywords,general,
rav4world.com,https://www.rav4world.com/threads/scratch-resistant-coating.331537/,35,2,keywords,general,
nok.co.jp,https://www.nok.co.jp/en/product/seal/o-rings.html,40,2,keywords,general,
smtnet.com,https://smtnet.com/news/index.cfm?fuseaction=view_news&company_id=55069&news_id=21234,31,2,keywords,news,
ntrs.nasa.gov,https://ntrs.nasa.gov/api/citations/20010067226/downloads/20010067226.pdf,91,2,keywords,general,
shop.deere.com,https://shop.deere.com/us/Seals%2C-Gaskets-O-rings/O-Rings-O-Ring-Kits/c/ORingsORingKits/,66,2,keywords,general,
medicaldesignandoutsourcing.com,https://www.medicaldesignandoutsourcing.com/sustainable-coating-forever-chemicals-medical-devices-surface-solutions-group/,35,2,keywords,general,
pdfcoffee.com,https://pdfcoffee.com/epoxy-adhesive-formulations-edward-m-petrie-pdf-free.html,58,2,keywords,general,
forums.anandtech.com,https://forums.anandtech.com/threads/is-scratch-resistance-and-antiglare-coating-worth-the-extra-100.1442814/,53,2,keywords,general,
forum.formlabs.com,https://forum.formlabs.com/t/casting-custom-o-rings/23025,52,2,keywords,forum,
prepol.com,https://www.prepol.com/services/why-do-o-rings-fail-a-brief-guide-to-o-ring-failure-modes,25,2,keywords,general,
antiseize.com,https://www.antiseize.com/ast-rtv-silicone-adhesive-sealant-instant-gasket,25,2,keywords,general,
backpackinglight.com,https://backpackinglight.com/forums/topic/77405/,39,2,keywords,forum,
forum.freecad.org,https://forum.freecad.org/viewtopic.php?style=3&t=61006,51,2,keywords,forum,
maximizemarketresearch.com,https://www.maximizemarketresearch.com/market-report/non-stick-coatings-market/187696/,35,2,keywords,general,
vehicleservicepros.com,https://www.vehicleservicepros.com/collision-repair/article/21187346/lord-corporation-newest-scrs-corporate-member,40,2,keywords,general,
goodyearrubber.com,https://www.goodyearrubber.com/v-o-c-s-and-adhesives/,20,2,keywords,general,
hogslat.com,https://www.hogslat.com/blog/tag/vanberg%20specialized%20coatings,29,2,keywords,blog,
forum.spyderco.com,https://forum.spyderco.com/viewtopic.php?t=93959,49,2,keywords,forum,
forums.tdiclub.com,https://forums.tdiclub.com/index.php?threads/teflon-coated-intake-manifolds.112481/,35,2,keywords,general,
eaglecoatings.com,http://eaglecoatings.com/breaking-news/,14,2,keywords,general,
specialisedcoatings.co.uk,https://www.specialisedcoatings.co.uk/news,6,2,keywords,news,
tundras.com,https://www.tundras.com/threads/ceramic-coating.114142/,42,2,keywords,general,
l-camera-forum.com,https://www.l-camera-forum.com/topic/311249-q-lens-coating-scratch-resistant/,33,2,keywords,general,
strouse.com,https://www.strouse.com/blog/gasketing-material-overview,37,2,keywords,blog,
jepistons.com,https://www.jepistons.com/je-auto-blog/seal-of-approval-the-science-behind-jes-pro-seal-mls-gaskets/,34,2,keywords,general,
opeforum.com,https://opeforum.com/threads/gasket-sealant-suggestions.27445/,24,2,keywords,general,
triumphexp.com,https://www.triumphexp.com/forum/tr6-tech-forum.2/gasket-sealer-necessary-or-recommended.1214093/,21,2,keywords,forum,
nww.usace.army.mil,https://www.nww.usace.army.mil/Media/News-Releases/Article/2701467/21-040-little-goose-closing-esplanade-for-seal-coating-this-friday-july-23/,60,2,keywords,general,
sustainableplastics.com,https://www.sustainableplastics.com/news/clariant-unveils-ptfe-pfas-free-texturing-agent,25,2,keywords,news,
f150gen14.com,https://www.f150gen14.com/forum/threads/professional-ceramic-coating-with-best-shine.17980/page-3,38,2,keywords,forum,
onlinelibrary.wiley.com,https://onlinelibrary.wiley.com/doi/10.1002/9781444315462.ch13,76,2,keywords,general,
forum.nasaspaceflight.com,https://forum.nasaspaceflight.com/index.php?topic=50748.3000,43,2,keywords,forum,
bd.com,https://www.bd.com/en-us/products-and-solutions/products/product-families/bd-plunger-stoppers,55,2,keywords,general,
performance-painting.com,https://www.performance-painting.com/why-use-industrial-abrasion-resistant-coating-applications/,28,2,keywords,general,
ferrarichat.com,https://www.ferrarichat.com/forum/threads/teflon-acrylic-coating-on-ferraris-good-idea-or-not.375008/,40,2,keywords,forum,
lib3.dss.go.th,http://lib3.dss.go.th/fulltext/scan_ebook/j_coating_1991_v63_n802.pdf,39,2,keywords,general,
enginelabs.com,https://www.enginelabs.com/engine-tech/sealed-with-science-tips-for-perfect-head-gasket-sealing/,39,2,keywords,general,
tombihn.com,https://www.tombihn.com/blogs/main/all-about-o-rings,42,2,keywords,blog,
linetec.com,https://linetec.com/paint/powder-coat/,29,2,keywords,general,
physicsforums.com,https://www.physicsforums.com/threads/hydrophobic-coating-on-acrylic-plexiglass-ptfe-or-other-solution.985382/,50,2,keywords,general,
rctech.net,https://www.rctech.net/forum/offroad-nitro-engine-forum/716463-replacing-o-rings.html,33,2,keywords,forum,
technavio.com,https://www.technavio.com/report/fluropolymer-coating-market-industry-analysis,37,2,keywords,general,
gptindustries.com,https://www.gptindustries.com/news/gpt-unveils-evolution-revolutionary-fully-coated-isolation-gasket/,23,2,keywords,news,
mykin.com,https://mykin.com/orings.html,20,2,keywords,general,
wpafb.af.mil,https://www.wpafb.af.mil/News/Article-Display/Article/818824/af-develops-innovative-abrasion-resistant-aircraft-coating/,74,2,keywords,news,
dymax.com,https://dymax.com/resources/news-and-media/press-releases/gaskets/dymax-receives-us-patent-for-form-in-place-gasket-with-tack-free-surface,32,2,keywords,general,
thermalspray.com,https://www.thermalspray.com/applications/wear-and-abrasion-resistance/,23,2,keywords,general,
polygongroup.com,https://www.polygongroup.com/en-US/blog/benefits-of-using-abrasive-blasting-before-surface-coating/,41,2,keywords,blog,
koiphen.com,https://www.koiphen.com/forums/archive/index.php/t-16415.html,19,2,keywords,forum,
governor.virginia.gov,https://www.governor.virginia.gov/newsroom/news-releases/2023/september/name-1014185-en.html,75,2,keywords,general,
secoatech.com,https://secoatech.com/faq/what-is-metal-finishing/,11,2,keywords,general,
es.scribd.com,https://es.scribd.com/presentation/430340211/1569327451860-Adhesive-and-Coating-Science,92,2,keywords,general,
forums.tombihn.com,https://forums.tombihn.com/forum/tom-bihn-forums/questions-about-bags/8642-abrasion-in-back-of-pilot/page2,42,2,keywords,forum,
itd.idaho.gov,https://itd.idaho.gov/news/seal-coating-to-begin-in-preston-next-week/,65,2,keywords,news,
mks.com,https://www.mks.com/f/iso-replacement-viton-o-rings,42,2,keywords,general,
diychatroom.com,https://www.diychatroom.com/threads/exterior-wb-paint-with-abrasion-resistance-outdoor-canopy.754023/,31,2,keywords,general,
k20a.org,https://www.k20a.org/threads/head-gasket-sealant.230150/,33,2,keywords,general,
achrnews.com,https://www.achrnews.com/articles/103401-gasoila-chemicals-a-federal-process-corp-thread-and-gasket-sealant,40,2,keywords,general,
airforums.com,https://www.airforums.com/forums/f474/pro-and-cons-of-ceramic-coating-247007.html,32,2,keywords,forum,
kzrider.com,https://kzrider.com/forum/3-carburetor/6838-expanding-o-rings,22,2,keywords,forum,
techsciresearch.com,https://www.techsciresearch.com/news/4760-abrasion-resistant-coatings-market-to-witness-formidable-growth-through-2025.html,31,2,keywords,news,
journals.scholarsportal.info,https://journals.scholarsportal.info/browse/00218464/v97i0005,40,2,keywords,general,
motion.com,https://www.motion.com/products/Seals%20and%20Gaskets/O-Rings%20and%20Cord%20Stock/O-Rings,41,2,keywords,general,
sepco.com,https://www.sepco.com/community/blog/2020-04/what-is-an-o-ring/,26,2,keywords,blog,
researchgate.net,https://www.researchgate.net/profile/Abdelkader-Bouaziz/post/How_can_I_extend_pot_life_of_PUR_with_additive/attachment/5f49218d5dcc010001cdaa6a/AS%3A929528352354307%401598628237788/download/Polyurethane+Casting+Primer.pdf,82,2,keywords,general,
tompkinsind.com,https://www.tompkinsind.com/products/o-rings-seals,25,2,keywords,general,
homedepot.com,https://www.homedepot.com/b/All-Brands/O-Ring/N-5yc1vZ1z0xeatZ1z12zxk,98,2,keywords,general,
meadvilletribune.com,https://www.meadvilletribune.com/news/lord-corp-invests-in-crawford-county-with-80-million-expansion/article_c494dfe4-5a16-11e8-b3bd-8fa4426ad76a.html,43,2,keywords,news,
agc.com,http://www.agc.com/en/news/pdf/20080124e.pdf,43,2,keywords,news,
surfacetechnology.co.uk,https://www.surfacetechnology.co.uk/non-stick-coatings/,19,2,keywords,general,
flexsealproducts.com,https://flexsealproducts.com/blogs/how-to/how-to-use-flex-seal-liquid,44,2,keywords,blog,
g05.bimmerpost.com,https://g05.bimmerpost.com/forums/showthread.php?t=1924419,56,2,keywords,forum,
agcchem.com,https://www.agcchem.com/products/high-performance-coatings/,26,2,keywords,general,
ippmagazine.com,https://www.ippmagazine.com/types-of-coating/abrasion-resistant-an-wear-resistant-coatings/,29,2,keywords,general,
grassrootsmotorsports.com,https://grassrootsmotorsports.com/forum/grm/trimming-o-rings/128586/page1/,45,2,keywords,forum,
greenbuildingsupply.com,https://www.greenbuildingsupply.com/All-Products/Paints-Coatings-Wood-Stains-Sealers/AFM-SafeCoat-Hard-Seal,36,2,keywords,general,
gminsights.com,https://www.gminsights.com/industry-analysis/specialty-coatings-market,41,2,keywords,general,
vb.foureyedpride.com,http://vb.foureyedpride.com/showthread.php?68115-Road-Abrasion-Coating,23,2,keywords,forum,
oringsandmore.com,https://www.oringsandmore.com/,11,2,keywords,general,
ft86club.com,https://www.ft86club.com/forums/showthread.php?t=82290,36,2,keywords,forum,
ppgaerospace.com,https://www.ppgaerospace.com/Products/Coatings-Removers-Cleaners/Commercial-Civil-Aviation/Topcoats/Desothane%C2%AE-CA8192-HS-Abrasion-Resistant-Coating-(1.aspx,33,2,keywords,general,
speccoat.com,https://speccoat.com/,9,2,keywords,general,
greatstuff.dupont.com,https://www.greatstuff.dupont.com/products/pro-gasket-polyurethane-foam-sealant-pro-dispenser-gun.html,51,2,keywords,general,
zatkoff.com,https://www.zatkoff.com/news/o-ring-failure-modes-heat-hardening-oxidation-damage,21,2,keywords,news,
audiosciencereview.com,https://audiosciencereview.com/forum/index.php?threads/teflon-pans.32951/page-2,44,2,keywords,forum,
digital.library.unt.edu,https://digital.library.unt.edu/ark:/67531/metadc721132/,66,2,keywords,general,
autobody101.com,https://www.autobody101.com/forums/viewtopic.php?f=13&t=26681,27,1,keywords,forum,
tapecon.com,https://www.tapecon.com/blog/seal-the-deal-understanding-the-differences-between-gaskets-o-rings-for-medical-applications,26,1,keywords,blog,
aftfasteners.com,https://www.aftfasteners.com/xylan-coating/,27,1,keywords,general,
blog.carbideprocessors.com,http://blog.carbideprocessors.com/saw-blades/teflon-and-plastic-coatings-on-saw-blades/,30,1,keywords,blog,
speccoats.co.za,https://www.speccoats.co.za/,10,1,keywords,general,
keystonekoating.com,https://www.keystonekoating.com/blog/,19,1,keywords,blog,
gvdcorp.com,https://www.gvdcorp.com/ptfe/,22,1,keywords,general,
jyoticeramic.com,https://www.jyoticeramic.com/aluma-coat.php,12,1,keywords,general,
zx6r.com,https://www.zx6r.com/threads/gasket-sealant-suggestions.114348/,23,1,keywords,general,
asbindustries.com,https://www.asbindustries.com/thermal-spray-services/capabilities-and-applications/wear-resistant-coatings,20,1,keywords,general,
trawlerforum.com,https://www.trawlerforum.com/forums/s3/scratch-abrasion-removal-esinglass-67828.html,23,1,keywords,forum,
us.vocuspr.com,https://us.vocuspr.com/Newsroom/MultiQuery.aspx?SiteName=DupontEMEA&Entity=PRAsset&SF_PRAsset_PRAssetID_EQ=119529&XSL=NewsRelease&IncludeChildren=True&Lang=English,26,1,"keywords,competitors",general,
deltacoatingsandliningsbr.com,https://www.deltacoatingsandliningsbr.com/ptfe,8,1,keywords,general,
unicheminc.com,https://unicheminc.com/products/gasket-sealing-compounds/uniseal-g-gasket-sealer/,15,1,keywords,general,
silchrome.co.uk,http://www.silchrome.co.uk/news/corrosion,11,1,keywords,news,
bodyartforms.com,https://bodyartforms.com/products.asp?jewelry=orings,30,1,keywords,general,
meritoem.com,https://meritoem.com/coatings/coating-options/,16,1,keywords,general,
oringone.com,https://www.oringone.com/blog/news/oringone-company-eric-marchesi/,8,1,keywords,blog,
alleghenyyork.com,https://www.alleghenyyork.com/products/181/O-RINGS/,11,1,keywords,general,
macanforum.com,https://www.macanforum.com/threads/surface-scratch-paint-repair.173404/,28,1,keywords,general,
maggotdrowning.com,https://www.maggotdrowning.com/forums/threads/ptfe-coated-hooks.199141/,23,1,keywords,forum,
forabodiesonly.com,https://www.forabodiesonly.com/mopar/threads/phoenix-specialty-coatings-is-not-in-phoenix.31615/post-237350,27,1,keywords,general,
mini2.com,https://www.mini2.com/threads/teflon-coating-waste-of-money.53565/,30,1,keywords,general,
qlicksmart.com,https://www.qlicksmart.com/product/o-ring/,22,1,keywords,general,
microsurfacecorp.com,https://www.microsurfacecorp.com/teflon-ptfe-coating.php,11,1,keywords,general,
marcote.co.uk,https://www.marcote.co.uk/services/abrasion-resistant-coatings/,9,1,keywords,general,
rubbersource.ca,https://rubbersource.ca/wp-content/uploads/CHEMLOK-205.pdf,14,1,keywords,general,
cawa.org,https://www.cawa.org/News-Alerts/Auto-Industry-News?rkey=20231102IO56665&filter=11901,23,1,keywords,general,
poly-corp.com,http://www.poly-corp.com/assets/file/product/Chemlok_6220.pdf,22,1,keywords,general,
hiawatha-iowa.com,https://www.hiawatha-iowa.com/news/seal-coating-4th-avenue/,29,1,keywords,news,
earlyfordv8.org,https://www.earlyfordv8.org/forum/printthread.cfm?Forum=18&Topic=5444,27,1,keywords,forum,
aerobasegroup.com,https://aerobasegroup.com/cage-code/30676,27,1,keywords,general,
autoacforum.com,https://autoacforum.com/viewtopic.php?t=14829,11,1,keywords,forum,
sandstromproducts.com,https://sandstromproducts.com/products/ptfe-coatings/,17,1,"keywords,competitors",general,
exactitudeconsultancy.com,https://exactitudeconsultancy.com/blog/2023/04/12/metal-coatings-market-growth/,27,1,keywords,blog,
tipcotech.com,https://www.tipcotech.com/o-rings,12,1,keywords,general,
smta.org,https://smta.org/news/605723/Specialty-Coating-Systems-to-present-Specialized-Coatings-for-Advanced-Medical-Devices-Webinar.htm,29,1,keywords,news,
vsiparylene.com,https://vsiparylene.com/resources/parylene-vs-teflon-coating/,24,1,keywords,general,
rileyindustrial.com,https://www.rileyindustrial.com/specialized-coatings,10,1,keywords,general,
mk1-forum.net,http://mk1-forum.net/viewtopic.php?t=29205,11,1,keywords,forum,
occupationalasthma.com,http://www.occupationalasthma.com/occupational_asthma_causative_agents.aspx,22,1,keywords,general,
thedetailingmafia.com,https://www.thedetailingmafia.com/blog-details/ceramic-coating-vs-teflon-coating,17,1,keywords,general,
electro-coatings.com,https://www.electro-coatings.com/abrasion-resistance.php,19,1,keywords,general,
ogsupply.com,https://ogsupply.com/category/blog/,14,1,keywords,blog,
modusadvanced.com,https://www.modusadvanced.com/resources/blog/what-is-a-form-in-place-gasket,25,1,keywords,blog,
impeller.net,https://impeller.net/magazin/parker-hannifin-completes-lord-acquisition/,20,1,keywords,general,
ridewill.com,https://www.ridewill.com/p/en/arexons-267200320-black-silicone-gasket-sealant-paste-200ml/1426280/,13,1,keywords,general,
liningcoating.com,https://liningcoating.com/fluoropolymer-coatings/,8,1,keywords,general,
toyhabits.com,https://toyhabits.com/category/gi-joe/o-ring-line-news/,10,1,keywords,general,
globalriskcommunity.com,https://globalriskcommunity.com/profiles/blogs/explosive-growth-expected-in-the-powder-coatings-market-projected,24,1,keywords,blog,
mspseals.com,https://www.mspseals.com/products-services/o-rings/,9,1,keywords,general,
microskiff.com,https://www.microskiff.com/threads/ptfe-hull-coating.101202/,17,1,keywords,general,
blog.paryleneconformalcoating.com,https://blog.paryleneconformalcoating.com/does-parylene-prevent-abrasion-damage/,20,1,keywords,blog,
hitechseals.com,https://www.hitechseals.com/products/o-rings.asp?lang=,20,1,keywords,general,
xjbikes.com,https://xjbikes.com/forums/threads/o-ring-sizes.44379/,17,1,keywords,forum,
benzenelawyers.com,https://www.benzenelawyers.com/blog/parkinsons-disease,15,1,keywords,blog,
kai-pavement.com,https://www.kai-pavement.com/blog/industry-insights/is-seal-coating-worth-the-price,12,1,keywords,blog,
specialtycoat.com,https://specialtycoat.com/blog/,8,1,keywords,blog,
blog.a-zdarts.com,https://blog.a-zdarts.com/how-to-put-on-oring/,30,1,keywords,blog,
kta.com,https://kta.com/kta-university/abrasive-testing-in-the-shop-field/,29,1,keywords,general,
fastoscrews.com,https://www.fastoscrews.com/oem-manufacturer-xylan-fluropolymer-coating-with-green-color-heavy-hex-nut-product/,12,1,keywords,general,
chemcote.com.au,https://www.chemcote.com.au/solutions/abrasion-resistant-protective-coatings/,8,1,keywords,general,
lintechinternational.com,https://lintechinternational.com/supplier/lord/,16,1,keywords,general,
miningmagazine.com,https://www.miningmagazine.com/partners/partner-content/1441627/introduction-chemlok%C2%AE-cb-150-game-changer,26,1,keywords,general,
sccoa.com,https://www.sccoa.com/forums/threads/teflon-coating-early-blower-rotors.52708/,26,1,keywords,forum,
early911sregistry.org,https://www.early911sregistry.org/forums/showthread.php?35706-Muffler-Coatings,23,1,keywords,forum,
azseal.com,https://www.azseal.com/blog/o-ring-materials-guide/,10,1,keywords,blog,
eos-forum.de,https://www.eos-forum.de/index.php?thread/22536-sipiol-lack-reparatursatz/&pageNo=4,24,1,keywords,general,
sealingspecialties.com,https://sealingspecialties.com/products/o-rings/,15,1,keywords,general,
tw200forum.com,https://www.tw200forum.com/threads/oil-change-oring-replacement-question.72850/,24,1,keywords,general,
viscosity.com,https://viscosity.com/,18,1,keywords,general,
myautovaluestore.com,https://www.myautovaluestore.com/versachem/gasket-sealant-type-1-vrs-11509,30,1,keywords,general,
swimpreglon.com,https://swimpreglon.com/blog/,12,1,keywords,blog,
advancedcoatingtechnology.com,https://advancedcoatingtechnology.com/functionalpowder.php,13,1,keywords,general,
giuliaforums.com,https://www.giuliaforums.com/threads/1137-o-rings.55984/,23,1,keywords,general,
ajusa.online,https://ajusa.online/es/blog/noticia/cylinder-head-gasket-evolution-and-characteristics,22,1,keywords,blog,
gasgasrider.org,http://www.gasgasrider.org/forum/showthread.php?t=2011,14,1,keywords,forum,
aquafin.net,https://www.aquafin.net/us/en/products/sealing-gasket-1818,25,1,keywords,general,
brinstrument.com,https://brinstrument.com/blog/tag/o-rings/,23,1,keywords,blog,
surfacesolutionsgroup.com,https://surfacesolutionsgroup.com/the-importance-of-ptfe-coating-in-the-medical-field/,11,1,"keywords,competitors",general,
forum.concours.org,https://forum.concours.org/index.php?threads/hard-to-find-o-ring-source.53381/,24,1,keywords,forum,
nedc.com,https://www.nedc.com/tech-blog/gaskets-blog/,19,1,keywords,general,
stonhard.com,https://www.stonhard.com/feature-glossary/abrasion-resistant/,30,1,keywords,general,
kia-forums.com,https://www.kia-forums.com/threads/gasket-sealer.140657/,30,1,keywords,general,
auto-tpo.com,https://auto-tpo.com/wp-content/uploads/2020/03/2014-Conference-Book-low-res.pdf,19,1,keywords,general,
adelhelm.de,https://www.adelhelm.de/methods/ptfe-coating.html,15,1,keywords,general,
meguiarsonline.com,https://www.meguiarsonline.com/forum/meguiar-s-online-discussion-forum/company-forum-announcements/911170-meguiar-s-ultimate-ceramic-coating-2024-new-product-announcement,26,1,keywords,forum,
xs650.com,https://www.xs650.com/threads/where-to-use-gasket-sealant.64002/,22,1,keywords,general,
pavinglady.com,https://pavinglady.com/blog/the-pros-and-cons-of-seal-coating/,18,1,keywords,blog,
kaloutas.com,https://www.kaloutas.com/blog/abrasion-resistant-and-high-wear-urethane-coatings,17,1,keywords,blog,
impreglon.co.uk,https://www.impreglon.co.uk/xylan-coating/,9,1,keywords,general,
nsmedicaldevices.com,https://www.nsmedicaldevices.com/news/amcor-medical-tyvek-packaging/,30,1,keywords,news,
viewrail.com,https://www.viewrail.com/powder-coat-faq/,26,1,keywords,general,
finishingandcoating.com,https://finishingandcoating.com/index.php/anodizing/466-customer-success-drives-ace-anodizing,22,1,keywords,general,
britishcarforum.com,https://www.britishcarforum.com/community/threads/sealant-on-headgasket-or-not.43427/,23,1,keywords,general,
roscoenews.com,https://roscoenews.com/g/roscoe-il/n/167570/winnebago-county-will-be-seal-coating-three-roscoe-area-roads-beginning-july,26,1,keywords,general,
industrialnews.co.uk,https://industrialnews.co.uk/specialty-coating-systems-to-present-specialized-coatings-for-advanced-medical-devices-webinar/,20,1,keywords,general,
smart-pond.com,https://smart-pond.com/blogs/backyard-blog/the-importance-of-o-rings,25,1,keywords,blog,
autovaluestores.com,https://autovaluestores.com/en/p/dorman-autograde/65394/aluminum-with-rubber-coating-drain-plug-gasket%2C-fits-m12/9870840,28,1,keywords,general,
gteek.com,https://www.gteek.com/texturized-fiberglass-ropes-wood-stove-gasket-with-black-silicone-rubber-coating,14,1,keywords,general,
refconserv.com,https://refconserv.com/blog/,14,1,keywords,blog,
martinsc.com,https://www.martinsc.com/blog,9,1,keywords,blog,
blog.loosco.com,https://blog.loosco.com/how-durometer-impacts-the-abrasion-resistance-of-coated-aircraft-cable,27,1,keywords,blog,
covertecproducts.com,https://www.covertecproducts.com/company/,26,1,keywords,general,
wrightcoating.com,https://www.wrightcoating.com/our-company/blog,15,1,keywords,blog,
plasticcoatings.co.uk,https://www.plasticcoatings.co.uk/plastic-coating-processes/ptfe-coating/,14,1,keywords,general,
vn750.com,https://www.vn750.com/threads/replacing-the-head-gasket-sealant.3135/,24,1,keywords,general,
boltport.com,https://boltport.com/products/ptfe-coated-fasteners/,12,1,keywords,general,
blog.sonelp.com,https://blog.sonelp.com/tag/uv-coatings,14,1,keywords,blog,
fournierrubber.com,https://www.fournierrubber.com/blog/application-o-rings-automotive/,11,1,keywords,blog,
clubgwagen.com,https://clubgwagen.com/forum/viewtopic.php?t=13371,20,1,keywords,forum,
corkindustries.com,https://corkindustries.com/measuring-durability-of-coatings-with-abrasion-testing/,17,1,keywords,general,
mpmoil.com,https://www.mpmoil.com/ua/products/PP200G/premium-grey-gasket-(pressure-pack),21,1,keywords,general,
mitechnews.com,https://mitechnews.com/guest-columns/the-latest-o-ring-sealing-technology/,30,1,keywords,general,
homemodelenginemachinist.com,https://www.homemodelenginemachinist.com/threads/start-on-liquid-piston-x-engine-build.33896/,25,1,keywords,general,
gcmonline.com,https://gcmonline.com/course/environment/news/orings-pure-silicone-oil,26,1,keywords,news,
corvairforum.com,https://www.corvairforum.com/forum/viewtopic.php?t=17973,17,1,keywords,forum,
coatingsolutions.com,https://www.coatingsolutions.com/chemours-teflon-coating-blog/,9,1,keywords,general,
munsoninc.com,https://www.munsoninc.com/tag/seal-coating/,14,1,keywords,general,
forum.chopcult.com,https://forum.chopcult.com/forum/nbsp/main-forum/27125-ceramic-coatings,27,1,keywords,forum,
xwebforums.com,https://xwebforums.com/forum/index.php?threads/gasket-sealer.19623/,24,1,keywords,forum,
team-integra.net,https://www.team-integra.net/threads/b18b-bottom-end.69888/,26,1,keywords,general,
bayseal.com,https://www.bayseal.com/O-Rings_3.php,15,1,keywords,general,
theamcforum.com,https://theamcforum.com/forum/head-gasket-copper-sealer_topic40218.html,24,1,keywords,forum,
filtnews.com,https://www.filtnews.com/greene-tweed-announces-enduro-lf10-ptfe-based-coating/,19,1,keywords,general,
automags.org,https://www.automags.org/forums/showthread.php?84686-Quad-O-ring-vs-Standard-O-ring-(mag-on-off-assembly),15,1,keywords,forum,
landfall.org,https://www.landfall.org/seal-coating-project/,12,1,keywords,general,
sealking.com,https://www.sealking.com/blog/,11,1,keywords,blog,
miataturbo.net,https://www.miataturbo.net/engine-performance-56/question-about-gaskets-sealant-75525/,22,1,keywords,general,
precisionrollgrinders.com,https://precisionrollgrinders.com/blog/4-Profitable-Reasons-to-Improve-Your-Specialty-Coatings-Process,15,1,keywords,blog,
neicorporation.com,https://www.neicorporation.com/products/coatings/abrasion-resistant-coatings/,26,1,keywords,general,
rshughes.com,https://www.rshughes.com/c/Abrasion-Resistant-Coatings/4007/,30,1,keywords,general,
thierry-corp.com,https://www.thierry-corp.com/plasma-treatment-articles/plasma-coatings-how-to-coat-ptfe-structures-on-the-surface-of-a-part,29,1,keywords,general,
refrigtech.com,https://www.refrigtech.com/nylog-white/,24,1,keywords,general,
thermach.com,https://www.thermach.com/product-page/wear-abrasion-resistant-coating,9,1,keywords,general,
iibec.org,https://iibec.org/wp-content/uploads/2015-07-beall.pdf,28,1,keywords,general,
fluorocarbonst.com,https://fluorocarbonst.com/news-and-events/post/15/what-is-ptfe-coating,9,1,keywords,general,
electronicfasteners.com,https://www.electronicfasteners.com/the-secrets-to-specialized-coatings-and-plating/,17,1,keywords,general,
shop.stearmanpress.com,https://shop.stearmanpress.com/blogs/news/rotating-your-o-rings,15,1,keywords,blog,
advetpl.com,https://advetpl.com/,11,1,keywords,general,
capitolscientific.com,https://www.capitolscientific.com/Thermco-ACC611SSC-Precision-Red-Spirit-Filled-Fluropolymer-Coated-Thermometer-Range-20C-to-110,23,1,keywords,general,
performanceplastics.com,https://performanceplastics.com/blog/fluoropolymers-are-a-great-choice-for-challenging-environments/,20,1,keywords,blog,
forum.porsche356registry.org,https://forum.porsche356registry.org/viewtopic.php?t=8449,29,1,keywords,forum,
everchem.com,https://everchem.com/lord-expansion/,16,1,keywords,general,
fordbarn.com,https://www.fordbarn.com/forum/showthread.php?t=307584,29,1,keywords,forum,
aic-coatings.com,https://aic-coatings.com/properties/industrial-abrasion-resistant-coating-applications/,9,1,keywords,general,
redpowermagazine.com,https://www.redpowermagazine.com/forums/topic/120284-head-gasket-question/,29,1,keywords,forum,
parrotforums.com,https://www.parrotforums.com/threads/ptfe-teflon-and-why-its-bad.90247/,24,1,keywords,general,
powdercoatingforum.net,https://www.powdercoatingforum.net/forum/welcome/getting-started/8303-spectracoattm-powder-specialized-coatings,8,1,keywords,forum,
elementalmicroanalysis.com,https://www.elementalmicroanalysis.com/elemental_blog.php?title=how-to-replace-the-o-rings-on-the-piston-assembly-of-the-thermo-fisher-scientific%C2%AE-mas200r-autosampler&bid=160,18,1,keywords,general,
accupathmed.com,https://www.accupathmed.com/ptfe-coated-hypotube-with-comprehensive-processing-capability-product/,14,1,keywords,general,
smartechonline.com,https://smartechonline.com/resources/blog/top-7-industries-that-use-ptfe/,20,1,keywords,blog,
overtoncountynews.com,https://www.overtoncountynews.com/classifieds/services/precision-seal-coating/pdfdisplayad_f1e43e94-8879-11ee-9e12-4f1ce15ac7d1.html,26,1,keywords,general,
adservice.google.sh,https://adservice.google.sh/ddm/clk/310682673;138356009;g?//803256731oc22.%D1%81%D1%82%D0%B0%D1%80%D0%B0%D1%8F%D1%80%D1%83%D0%B7%D0%B0.%D1%80%D1%84,26,1,keywords,general,
britbike.com,https://www.britbike.com/forums/ubbthreads.php/topics/764958/gasket-sealer-for-top-end,20,1,keywords,forum,
packagingcoatings.com,https://www.packagingcoatings.com/en-US/blog,16,1,keywords,blog,
ziyourubber.com,https://www.ziyourubber.com/en/product/lord-chemlok-rubber-plastic-metal-adhesive/chemlok%C2%AE-xj-549-adhesive,9,1,keywords,general,
slantsix.org,https://www.slantsix.org/forum/viewtopic.php?t=52813,24,1,keywords,forum,
krahn.eu,https://www.krahn.eu/at/products/adhesives-sealants/rubber-to-metal-bonding-agents/product/chemlokr/,25,1,keywords,general,
tgoldkamp.com,https://www.tgoldkamp.com/loctiter-gasket-sealant-1-30510.html,18,1,keywords,general,
bearing-news.com,https://www.bearing-news.com/eagle-xld-o-rings-patented-bi-modulus-technology-providing-substantial-belt-life-load-and-cost-improvement/,20,1,keywords,general,
forbbodiesonly.com,https://www.forbbodiesonly.com/moparforum/threads/phoenix-specialty-coatings-is-the-best.52006/,26,1,keywords,general,
eclipseseal.com,https://www.eclipseseal.com/blog/seals/history-o-ring,18,1,keywords,blog,
reinz.com,https://www.reinz.com/oe/en/products/head-gaskets/elastomer-coatings.aspx,28,1,keywords,general,
hisstank.com,https://www.hisstank.com/forum/g-i-joe-toys-modern-general-discussion/516180-o-ring-returns-g-i-joe.html,29,1,keywords,forum,
vive-houston.com,https://www.vive-houston.com/blog/the-real-truth-about-ceramic-coatings,29,1,keywords,blog,
sealanddesign.com,https://www.sealanddesign.com/products/o-rings/,22,1,keywords,general,
blog.iglcoatings.com,https://blog.iglcoatings.com/ecoshine-compound-f1-finish-ready-abrasive-with-high-clarity/,28,1,keywords,blog,
royalbrassandhose.com,https://www.royalbrassandhose.com/blog/hydraulics/seal-the-deal-your-guide-to-o-ring-types,21,1,keywords,blog,
hayabusa.org,https://www.hayabusa.org/forum/threads/ptfe-teflon-coating-for-transmission.118686/,26,1,keywords,forum,
emtbforums.com,https://www.emtbforums.com/threads/a-question-to-specialized-rider-care.22692/,22,1,keywords,general,
chemcenters.com,https://www.chemcenters.com/156097,11,1,keywords,general,
temati.com,https://www.temati.com/product/gasket-sealant/,24,1,keywords,general,
sitech-corp.com,https://www.sitech-corp.com/coatings/,9,1,keywords,general,
pcmco.com,https://www.pcmco.com/blog/index.php,8,1,keywords,blog,
atom.com.au,https://www.atom.com.au/primer-chemlok-205-3-79l-lord-98881952,30,1,keywords,general,
holscot.com,https://holscot.com/blogs/,27,1,keywords,blog,
eoncoat.com,https://eoncoat.com/protect-concrete-abrasion-corrosion-spalling/,30,1,keywords,general,
aexcelcorp.com,https://www.aexcelcorp.com/products/industrial-coatings/products/specialty-industrial-coatings,27,1,keywords,general,
surtech-ind.com,http://www.surtech-ind.com/fluoropolymer-coating.html,10,1,keywords,general,
cficoatings.com,https://cficoatings.com/about/blog/,12,1,keywords,blog,
eriksusa.com,https://www.eriksusa.com/products/o-rings.php,18,1,keywords,general,
christopherwardforum.com,https://www.christopherwardforum.com/general-discussion/is-this-a-scratch-on-the-crystal-or-the-ar-coating-of-my-c63-t56934-15.html,20,1,keywords,general,
handymanhardwarestl.com,https://www.handymanhardwarestl.com/2866512/product/Permatex-80015,24,1,keywords,general,
clubxterra.org,https://www.clubxterra.org/threads/gaskets-sealer-or-no.122577/,27,1,keywords,general,
pachamber.org,https://www.pachamber.org/media/1323/parker_lord_strengthening_our_position_to_better_serve_global_customers/,29,1,keywords,general,
ppgcoatingsservices.com,https://www.ppgcoatingsservices.com/about/news,25,1,keywords,news,
lowtoxlife.com,https://www.lowtoxlife.com/teflon/,30,1,keywords,general,
essential.construction,https://essential.construction/news/mci-peel-off-coating-for-corrosion-and-abrasion-protection/,25,1,keywords,news,
landroverforums.com,https://landroverforums.com/forum/discovery-ii-18/gasket-sealant-advice-81570/,23,1,keywords,forum,
superior-sealcoating.com,https://superior-sealcoating.com/blog/,11,1,keywords,blog,
alloyproductscorp.com,https://www.alloyproductscorp.com/catalog/3001008-closure--o--rings,15,1,keywords,general,
technoad.com,https://www.technoad.com/why-o-rings-fail-and-how-to-prevent-it/,20,1,keywords,general,
catalog.precisionassoc.com,https://catalog.precisionassoc.com/category/precision-associates-inc-o-rings,20,1,keywords,general,
alpinepainting.com,https://www.alpinepainting.com/blog/high-performance-paint-solutions-for-life-sciences-facilities,20,1,keywords,blog,
royal-kagaku.com,https://royal-kagaku.com/product/fluropolymer-coating/,6,1,keywords,general,
prophecymarketinsights.com,https://www.prophecymarketinsights.com/market_insight/Global-FEVE-Fluropolymer-Coatings-Market-3949,20,1,keywords,general,
bansheehq.com,https://www.bansheehq.com/forums/topic/123536-exhaust-o-rings/,18,1,keywords,forum,
specializedcoatingsmn.com,https://specializedcoatingsmn.com/,0,1,keywords,general,
acemetalfinishing.com,https://www.acemetalfinishing.com/large-formed-aluminum-hvac/,9,1,keywords,general,
international-marine.com,https://www.international-marine.com/en/in-focus/Intersleek,29,1,keywords,general,
apoc.com,https://www.apoc.com/pages/technical-data-sheets,28,1,keywords,general,
getundrdog.com,https://getundrdog.com/products/undrdog-pro,18,1,keywords,general,
gasketresources.com,https://gasketresources.com/blog/,14,1,keywords,blog,
goatthroat.com,https://www.goatthroat.com/,19,1,keywords,general,
matrixcoat.com,https://matrixcoat.com/teflon-coatings-resources/,8,1,keywords,general,
aokai-ptfe.com,https://aokai-ptfe.com/category/ptfe-news/page/2/,11,1,keywords,general,
plastechcoatings.com,https://plastechcoatings.com/importance-of-teflon-coating-services/,9,1,keywords,general,
catalog.cshyde.com,https://catalog.cshyde.com/viewitems/s-tapes-with-adhesive-ptfe-coated-fiberglass-tapes/rd-grade-ptfe-coated-tape-silicone-adhesive?pagesize=25&pagenum=2,22,1,keywords,general,
valsparcoilextrusion.com.cn,https://www.valsparcoilextrusion.com.cn/zh_en/explore/projects/salt-lake-public-safety/,25,1,keywords,general,
techbuzzonline.com,https://www.techbuzzonline.com/news-o-ring-technology/,17,1,keywords,general,
paisleyproducts.com,https://www.paisleyproducts.com/en-us/products/coatings/,9,1,keywords,general,
pva.net,https://www.pva.net/news/specialized-coating-services-relies-on-pva-coating-systems/,25,1,keywords,news,
anoplate.com,https://www.anoplate.com/news-and-events/anolube-7959/,27,1,keywords,general,
beacongasket.com,https://www.beacongasket.com/blog/gore-joint-sealant/,11,1,keywords,blog,
arrowheadforensics.com,https://arrowheadforensics.com/blog/top-5-products-around-3000/,28,1,keywords,blog,
forum.valuepickr.com,https://forum.valuepickr.com/t/srf-limited/340?page=5,29,1,keywords,forum,
forums.sohc4.net,http://forums.sohc4.net/index.php?topic=174060.0,26,1,keywords,forum,
o-ringsales.com,https://www.o-ringsales.com/blog/,2,1,keywords,blog,
gatewaytoairguns.org,https://www.gatewaytoairguns.org/GTA/index.php?topic=152218.0,27,1,keywords,forum,
trp.co.uk,https://trp.co.uk/rubber-vs-silicone-o-rings/,20,1,keywords,general,
electro-wind.com,https://www.electro-wind.com/glyptal-c1800-fast-drying-high-viscosity-gasket-sealer-red-iron-oxide-1-gallon-can,19,1,keywords,general,
lordfulfillment.com,http://lordfulfillment.com/pdf/44/PB3093_ElastomerAdhesives&CoatingsforMining.pdf,16,1,keywords,general,
chemglass.com,https://chemglass.com/o-rings,26,1,keywords,general,
microstrain.com,https://www.microstrain.com/support/news/parker-hannifin-completes-lord-acquisition,29,1,keywords,news,
en.pratikopratik.com,https://en.pratikopratik.com/custom-products/fluropolymer-recovery/,6,1,keywords,general,
pspglobal.com,http://www.pspglobal.com/rubber-o-rings.html,21,1,keywords,general,
manuf-rubber.com,https://www.manuf-rubber.com/news/how-to-make-an-o-ring-seal-better/,11,1,keywords,news,
mcwaneductile.com,https://www.mcwaneductile.com/blog/what-is-the-purpose-of-the-seal-coat-on-ductile-iron-pipe/,29,1,keywords,blog,
xc40forum.com,https://www.xc40forum.com/threads/ceramic-coating.7196/,25,1,keywords,general,
ellsworthadhesives.eu,https://ellsworthadhesives.eu/brands/parker-lord/,13,1,keywords,general,
bowersindustrial.com,https://bowersindustrial.com/product-category/steel-coatings/abrasion-resistant-products/,8,1,keywords,general,
crconline.com,https://www.crconline.com/catsearch/153/o-rings,22,1,keywords,general,
tramper.nz,https://tramper.nz/?box=Topics&view=forum&id=5&versionid=0&layout=screen&objectid=0&offset=376,30,1,keywords,general,
mrchub.com,https://www.mrchub.com/news/402439-ppg-to-exhibit-newly-acquired-vanberg-specialized-coatings-solutions,22,1,keywords,news,
uscoatings.com,https://www.uscoatings.com/blog/water-based-coating-vs-solvent-based-coating/,23,1,keywords,blog,
htscoatings.com,https://htscoatings.com/blogs/our-craft-our-culture/plasma-transfer-arc-welding-for-abrasion-resistant-coating,12,1,keywords,blog,
dl.iran-mavad.com,http://dl.iran-mavad.com/pdf95/Rubber%20as%20a%20Construction%20Material%20for%20Corrosion%20Protection_iran-mavad.com.pdf,16,1,keywords,general,
adamsforums.com,https://www.adamsforums.com/topic/7242-clay-abrasive-to-paint/,23,1,keywords,general,
shop.star-technology.com,https://shop.star-technology.com/products/abrasion-resistant-coating-er2160,18,1,keywords,general,
uspaint.com,https://www.uspaint.com/about-us/blog/,18,1,keywords,blog,
suncoating.com,https://www.suncoating.com/blog/category/teflon-coatings/,10,1,keywords,blog,
durapaint.net,https://www.durapaint.net/,20,1,keywords,general,
ftypeforums.co.uk,https://www.ftypeforums.co.uk/viewtopic.php?t=5843,24,1,keywords,forum,
gardnerlaboratories.com,https://gardnerlaboratories.com/2014/01/13/importance-abrasion-testing-paint-manufacturing-process/,14,1,keywords,general,
con-techinternational.com,https://con-techinternational.com/product/viton-coated-epdm-lid-gasket-22-%C2%BD-diameter/,12,1,keywords,general,
levinepainting.com,https://www.levinepainting.com/specialized-coatings,8,1,keywords,general,
integritypavingtexas.com,https://www.integritypavingtexas.com/blog/,13,1,keywords,blog,
head-case.org,https://www.head-case.org/forums/profile/880-moray-james/content/page/2/?all_activity=1,17,1,keywords,forum,
lifesavingsystems.com,https://lifesavingsystems.com/product/forged-steel-o-ring-4-od-3-id,22,1,keywords,general,
vertafinishing.com,https://vertafinishing.com/wp-content/uploads/2019/06/Verta-Fluropolymer-Standard-20-yr-Coating-Warranty-Sample.pdf,8,1,keywords,general,
glassonweb.com,https://www.glassonweb.com/news/asahi-glass-expand-production-facility-fluropolymer-lumiflonr-coatings,27,1,keywords,news,
micropowders.com,https://www.micropowders.com/polyfluo-200.html&request-sample=1,24,1,keywords,general,
accessa.com,https://www.accessa.com/news/page/9/,13,1,keywords,news,
specializedcoatingsinc.com,http://www.specializedcoatingsinc.com/,7,1,keywords,general,
buyheatshrink.com,https://buyheatshrink.com/flexible-heat-shrink-tubing,25,1,"keywords,competitors",general,
whartoncleggslane.yolasite.com,https://whartoncleggslane.yolasite.com/,2,0,keywords,general,
advanced-emc.com,https://advanced-emc.com/o-rings-for-semiconductor-manufacturing/,9,0,"keywords,competitors",general,
horiaki.co.in,https://www.horiaki.co.in/o-ring-seals-why-to-choose-them.html,7,0,keywords,general,
protectionsealcoating.com,https://protectionsealcoating.com/blog/,2,0,keywords,blog,
superiorshotpeening.com,https://superiorshotpeening.com/news/uses-teflon-industrial-coating,10,0,keywords,news,
astseals.com,https://www.astseals.com/blog/considerations-for-o-ring-material-selection,7,0,keywords,blog,
emeraldcoatings.com,https://emeraldcoatings.com/product-category/buffing-supplies/buffing-compounds/specialized/,10,0,keywords,general,
gravitychemicals.com,https://www.gravitychemicals.com/blog/top-quality-coating-solutions-for-industrial-applications/,9,0,keywords,blog,
coastalclimatecontrol.com,https://coastalclimatecontrol.com/blog/changing-o-rings-frigoboat,9,0,keywords,blog,
tfccanopy.com,https://www.tfccanopy.com/leed.html,10,0,keywords,general,
specializedcoatings.net,http://www.specializedcoatings.net/,2,0,keywords,general,
m-cor.com,https://m-cor.com/blog/,7,0,keywords,blog,
jjeekk.com,http://www.jjeekk.com/products-and-solutions/coatings/lord-hpc-3b-coating.html,5,0,keywords,general,
abthermal.com,https://www.abthermal.com/silicone-rubber-coated-fiberglass-gasket-seal-rope-high-temperature.html,8,0,keywords,general,
alliedmetrics.com,https://www.alliedmetrics.com/blog/how-does-an-o-ring-work/,9,0,keywords,blog,
blog.resindesigns.com,https://blog.resindesigns.com/tag/gaskets,10,0,keywords,blog,
integritypainting-decorating.com,https://www.integritypainting-decorating.com/services/specialized-coatings,7,0,keywords,general,
specializedcoating.ca,http://www.specializedcoating.ca/,6,0,keywords,general,
thepainttechnologist.wordpress.com,https://thepainttechnologist.wordpress.com/2021/12/11/anti-galling-a-major-requirement-for-valve-coatings/,0,0,keywords,blog,
teknoforums.com,https://www.teknoforums.com/threads/alternative-shock-o-rings.1338/,8,0,keywords,general,
oringslimited.co.uk,https://www.oringslimited.co.uk/blogs/,9,0,keywords,blog,
internationalrubberjourney.com,https://www.internationalrubberjourney.com/en.php,2,0,keywords,general,
exxonmobildistributor.com,https://www.exxonmobildistributor.com/en/news/What_to_consider_for_O-rings_in_a_jet_engine_oil_system/,7,0,keywords,news,
optical-coatings.com,https://www.optical-coatings.com/coatings/hard-and-abrasion-resistant/,8,0,keywords,general,
appliedthermalfluids.com,https://www.appliedthermalfluids.com/product/loctite-mr-gs2-gasket-sealant-known-as-loctite-gs-2-7fo-en-3051511oz/,10,0,keywords,general,
performancefloorsandcoating.com,https://performancefloorsandcoating.com/blog/,9,0,keywords,blog,
lowescommercialpainting.com,https://lowescommercialpainting.com/services/specialized-coatings/,10,0,keywords,general,
heaterk.com,https://www.heaterk.com/info-detail/is-ptfe-coated-fiberglass-fabric-safe,10,0,keywords,general,
tianswax.com,https://www.tianswax.com/7632.html,10,0,keywords,general,
kermetico.com,https://kermetico.com/applications/abrasion-wear-resistant-coatings,7,0,keywords,general,
heroos.com,https://www.heroos.com/sealing/corrugared-gasket-with-ptfe-coating.html,6,0,keywords,general,
hjcspecialistcoatings.com,https://hjcspecialistcoatings.com/blog/,2,0,keywords,blog,
kingcoatings.com,https://kingcoatings.com/blog,9,0,keywords,blog,
fuhtai.com,https://fuhtai.com/wp-content/uploads/2021/09/Chemlok-234XNW.pdf,9,0,keywords,general,
seal-coatings.com,https://www.seal-coatings.com/,8,0,keywords,general,
crestindustries.com,https://www.crestindustries.com/automotive-detail-and-repair-products/o-rings-all-types.html,10,0,keywords,general,
johnsonsealcoating.com,https://www.johnsonsealcoating.com/blog-1,7,0,keywords,general,
binseal.com,https://www.binseal.com/,2,0,keywords,general,
rrchem.in,https://rrchem.in/wp-content/uploads/2016/12/chemlok_250-lit.pdf,10,0,keywords,general,
vaibhavientp.com,https://www.vaibhavientp.com/viflonflu.htm,9,0,keywords,general,
osren.com,https://osren.com/product/coatz/all/03-fluorine-paintwork-coating,10,0,keywords,general,
vfmacs.com,http://vfmacs.com/services/,2,0,keywords,general,
sukoptfe.com,https://www.sukoptfe.com/blog/,9,0,keywords,blog,
continentalcoatingcorp.com,http://continentalcoatingcorp.com/coating-systems/Fluoropolymer-Coating-Systems/Teflon-PTFE-ETFE-PFA-DuPont,7,0,keywords,general,
finepointsealing.com,https://www.finepointsealing.com/blog/tag/seal+coating,2,0,keywords,blog,
duraslic.com,https://www.duraslic.com/abrasion-resistance-should-you-care-about-it/,10,0,keywords,general,
rubberlanka.com,https://www.rubberlanka.com/product-chemlok,2,0,keywords,general,
kcsconstructioncompany.com,https://kcsconstructioncompany.com/houston-commercial-coatings-painting/,8,0,keywords,general,
precisionconveyor.com,https://precisionconveyor.com/wp-content/uploads/2021/10/lord-chemlok-application-systems.pdf,7,0,keywords,general,
pro-painting.co.za,https://www.pro-painting.co.za/industrial-coatings/,9,0,keywords,general,
cormanufacturing.com,https://cormanufacturing.com/2021/01/28/moulded-or-vulcanized-o-rings-which-is-best-for-your-application/,8,0,keywords,general,
summitengineers.net,https://www.summitengineers.net/spray-coating.html,2,0,keywords,general,
crossroadscoatings.com,https://www.crossroadscoatings.com/abrasion-and-wear-resistant-coatings.html,7,0,keywords,general,
oringmaker.com,https://www.oringmaker.com/o-ring-blog/,2,0,keywords,general,
eastmidcoat.com,https://www.eastmidcoat.com/what-is-ptfe/,8,0,keywords,general,
zoronmfg.com,https://www.zoronmfg.com/viewitems/d-rings-o-rings/o-rings,10,0,keywords,general,
jetsealonline.com,https://www.jetsealonline.com/blog/,8,0,keywords,blog,
triplexblog.com,https://triplexblog.com/2022/09/09/single-mechanical-vs-single-o-ring-seal-whats-the-difference/,8,0,keywords,general,
freiborne.com,https://freiborne.com/abrasion-resistant-and-wear-resistant-coatings/,7,0,keywords,general,
greatlakesrubber.com,https://www.greatlakesrubber.com/news/great-lakes-rubber-acquires-chinook-o-ring/,9,0,keywords,news,
paintlaboratory.wordpress.com,https://paintlaboratory.wordpress.com/2021/10/17/what-is-coatings-mar-resistance/,7,0,keywords,blog,
dynamiccoatingsinc.com,http://dynamiccoatingsinc.com/,8,0,keywords,general,
specialtypaintplace.com,https://specialtypaintplace.com/assets/pdf/Fluropolymer-ADS-Data-Sheet.pdf,8,0,keywords,general,
ezcoatingsolutions.com,https://ezcoatingsolutions.com/blog/,2,0,keywords,blog,
coatingindia.com,https://www.coatingindia.com/about.html,2,0,keywords,general,
royalcoatings.com,https://www.royalcoatings.com/blog/,8,0,keywords,blog,
applonapc.com,https://www.applonapc.com/,6,0,keywords,general,
hartindustries.com,https://www.hartindustries.com/o-rings/,10,0,keywords,general,
potterassoc.com,http://www.potterassoc.com/custom-o-rings.html,9,0,keywords,general,
exceedadhesive.com,https://www.exceedadhesive.com/rubber-to-metal-adhesive-ba-221/,5,0,keywords,general,
oringsusa.com,https://www.oringsusa.com/o/,9,0,keywords,general,
bociindustrialcoatings.com,https://www.bociindustrialcoatings.com/product-category/fluropolymer-grafted-coatings/,2,0,keywords,general,
cbrg.net,https://www.cbrg.net/gasket-sealant,10,0,keywords,general,
ring-joint-gaskets.com,https://www.ring-joint-gaskets.com/products/ring-type-joint-gasket-with-ptfe-coated.html,7,0,keywords,general,
mrasphalt.net,https://www.mrasphalt.net/blog/,8,0,keywords,blog,
denverpowdercoating.com,https://www.denverpowdercoating.com/blog/,8,0,keywords,blog,
mpicoatings.com,https://www.mpicoatings.com/specialized-coatings-1,7,0,keywords,general,
baspartejarat.com,http://baspartejarat.com/Downloads/LORD%20Application%20Guide%20-%20Chemlok-Chemosil%20Adhesives.pdf,2,0,keywords,general,
tri-austin.com,https://tri-austin.com/portfolio-item/high-temp-abrasion-resistant-coating/,9,0,keywords,general,
brotherscoating.com,https://www.brotherscoating.com/,8,0,keywords,general,
denmac-ind.com,https://www.denmac-ind.com/news/teflon-coating/,9,0,keywords,news,
cactusindustrial.com,https://www.cactusindustrial.com/composites-and-coatings/abrasion-resistant-linings/,10,0,keywords,general,
rothgreaves.com,https://www.rothgreaves.com/ptfe-coating/adw/2/,9,0,keywords,general,
a1paintingandspecialized-blog.tumblr.com,https://a1paintingandspecialized-blog.tumblr.com/,0,0,keywords,general,
paintcentre.co.nz,https://paintcentre.co.nz/steel-coatings/,8,0,keywords,general,
oringswest.com,https://oringswest.com/,10,0,keywords,general,
desertcoating.com,https://desertcoating.com/coating/industrial-ptfe-coatings/,9,0,keywords,general,
tdimdipolyurethane.com,https://www.tdimdipolyurethane.com/quality-28971700-815-rubber-to-metal-bonding-agent-equivalent-to-chemlok-205-chemosil-211,8,0,keywords,general,
jemmco.com,https://www.jemmco.com/fluropolymer-ptfe-fabric,8,0,keywords,general,
vanwincoatings.com,https://www.vanwincoatings.com/services/specialized-coating/,8,0,keywords,general,
centralcoating.com,https://www.centralcoating.com/capabilities/form-in-place-gaskets/,8,0,keywords,general,
instacoat.com,https://instacoat.com/blog/,9,0,keywords,blog,
websealinc.com,https://websealinc.com/seals-and-o-rings-blog/,9,0,keywords,general,
aactron.com,https://www.aactron.com/paint-pretreatment/,8,0,keywords,general,
bonaindia.com,http://bonaindia.com/blog/wooden-floors/specialized-coating-for-wooden-sports-floors/,9,0,keywords,blog,
generalplasticscorp.com,https://www.generalplasticscorp.com/Fluoropolymer_coating_cable_sleeving.html,6,0,keywords,general,
elitemetalfinishing.com,https://www.elitemetalfinishing.com/processes/east/ptfe-coatings-nylon-thermoplastic/,10,0,keywords,general,
totallyseals.com,https://www.totallyseals.com/blogs/news/a-guide-to-common-o-ring-failures,10,0,keywords,blog,
elsisan.com,https://www.elsisan.com/en/blog/obm-v-automatic-wet-paint-systems-vertical-spindles,9,0,keywords,blog,
metalpowderreport.com,https://www.metalpowderreport.com/content/news/new-standard-covers-coating-abrasion,6,0,keywords,news,
ptfecoating.in,https://www.ptfecoating.in/fluoropolymer-coating-services-1307246.html,6,0,keywords,general,
